ts,Open,High,Low,Close,Volume
1722483900,446.00,452.66,438.41,444.50,908640
1722570300,439.98,443.56,429.00,430.26,606935
1722829500,411.00,425.00,410.00,411.38,682085
1722915900,421.99,427.68,395.81,398.28,1298805
1723002300,406.19,413.90,401.60,410.14,468055
1723088700,413.00,417.10,408.44,409.67,376900
1723175100,415.00,415.00,410.10,411.76,280180
1723434300,413.94,424.80,413.00,420.13,687020
1723520700,423.94,439.60,423.79,433.95,1818865
1723607100,409.01,412.00,396.00,401.35,2061000
1723779900,404.00,404.32,396.01,397.66,803915
1724039100,400.79,406.99,398.03,404.64,492795
1724125500,407.48,409.90,403.00,403.94,417255
1724211900,405.95,408.41,404.41,406.52,301420
1724298300,407.20,410.60,405.00,406.30,379665
1724384700,406.30,409.12,403.60,404.30,344205
1724643900,404.34,413.00,403.80,404.76,694080
1724730300,406.00,409.58,405.32,406.54,408470
1724816700,408.00,408.84,403.02,404.42,302085
1724903100,404.60,406.20,398.00,399.61,252720
1724989500,401.58,403.56,398.26,399.69,404330
1725248700,398.20,403.28,393.10,395.23,270850
1725335100,395.23,401.90,394.60,395.64,279055
1725421500,394.00,403.18,391.00,392.99,458640
1725507900,395.18,399.54,394.00,395.03,232785
1725594300,395.60,406.54,392.80,395.91,537970
1725853500,396.40,406.00,393.30,402.57,493355
1725939900,404.98,412.92,404.01,406.10,363665
1726026300,408.30,408.60,398.43,399.89,219980
1726112700,401.80,403.24,398.00,400.05,239195
1726199100,401.80,417.60,400.00,413.86,745510
1726458300,414.00,436.00,402.02,427.86,2481125
1726544700,428.00,428.00,418.02,421.69,610960
1726631100,423.89,475.49,421.04,458.10,16077460
1726717500,459.80,464.19,447.20,449.75,2393980
1726803900,451.76,461.97,442.01,453.36,1994250
1727063100,454.50,464.93,448.20,450.67,1004155
1727149500,452.86,481.00,450.02,461.87,4513480
1727235900,466.00,508.60,466.00,486.78,27400745
1727322300,489.00,498.68,479.60,482.74,3147025
1727408700,486.99,495.40,481.40,490.66,1875370
1727667900,486.21,507.00,485.37,495.91,2141270
1727754300,496.80,498.60,483.40,489.78,1225100
1727927100,482.47,485.49,469.64,480.15,1067605
1728013500,483.80,488.00,468.44,471.09,1005850
1728272700,474.80,474.80,437.46,445.58,1155885
1728359100,443.01,498.95,443.00,489.50,3474785
1728445500,488.40,507.20,487.65,494.14,1949470
1728531900,496.88,514.80,486.22,488.89,2054710
1728618300,490.40,502.22,482.40,491.77,1138385
1728877500,494.19,501.99,490.01,495.21,830295
1728963900,497.94,523.36,495.21,502.12,3839235
1729050300,502.12,509.76,491.38,495.86,1282835
1729136700,496.70,516.20,494.20,514.08,4160250
1729223100,509.00,516.00,488.40,496.35,1050949
1729482300,493.00,493.00,455.25,462.85,984424
1729568700,459.75,460.80,425.30,428.85,1158265
1729655100,430.00,458.00,425.95,442.30,1626800
1729741500,441.05,443.65,430.10,434.20,543442
1729827900,431.30,431.65,410.00,414.40,632734
1730087100,420.00,430.00,407.05,422.00,441314
1730173500,425.80,433.90,418.45,427.45,299954
1730259900,428.45,437.70,425.95,432.00,221955
1730346300,430.00,434.75,426.65,432.30,263564
