ts,Open,High,Low,Close,Volume,Date,DateStr,AdjFactor,cumfactor,Adj_Open,Adj_High,Adj_Low,Adj_Close
1722483900,446.0,452.66,438.41,444.5,908640,2024-08-01 09:15:00,2024-08-01 (Thu),0.9908493586686953,0.9908493586686953,441.9188139662381,448.51787069497163,434.3982673339427,440.43253992823503
1722570300,439.98,443.56,429.0,430.26,606935,2024-08-02 09:15:00,2024-08-02 (Fri),0.9908493586686953,0.9908493586686953,435.95390082705256,439.5011415310865,425.0743748688703,426.3228450607928
1722829500,411.0,425.0,410.0,411.38,682085,2024-08-05 09:15:00,2024-08-05 (Mon),0.9908493586686953,0.9908493586686953,407.2390864128338,421.1109774341955,406.2482370541651,407.6156091691279
1722915900,421.99,427.68,395.81,398.28,1298805,2024-08-06 09:15:00,2024-08-06 (Tue),0.9908493586686953,0.9908493586686953,418.1285208646027,423.7664537154276,392.1880846546563,394.63548257056794
1723002300,406.19,413.9,401.6,410.14,468055,2024-08-07 09:15:00,2024-08-07 (Wed),0.9908493586686953,0.9908493586686953,402.47310099763735,410.11254955297295,397.92510244134803,406.38695596437867
1723088700,413.0,417.1,408.44,409.67,376900,2024-08-08 09:15:00,2024-08-08 (Thu),0.9908493586686953,0.9908493586686953,409.2207851301711,413.28326750071284,404.7025120546419,405.9212567658044
1723175100,415.0,415.0,410.1,411.76,280180,2024-08-09 09:15:00,2024-08-09 (Fri),0.9908493586686953,0.9908493586686953,411.2024838475085,411.2024838475085,406.34732199003196,407.992131925422
1723434300,413.94,424.8,413.0,420.13,687020,2024-08-12 09:15:00,2024-08-12 (Mon),0.9908493586686953,0.9908493586686953,410.1521835273197,420.91280756246175,409.2207851301711,416.28554105747895
1723520700,423.94,439.6,423.79,433.95,1818865,2024-08-13 09:15:00,2024-08-13 (Tue),0.9908493586686953,0.9908493586686953,420.0606771140067,435.57737807075847,419.9120497102064,429.9790791942803
1723607100,409.01,412.0,396.0,401.35,2061000,2024-08-14 09:15:00,2024-08-14 (Wed),0.9908493586686953,0.9908493586686953,405.267296189083,408.2299357715025,392.3763460328033,397.6773901016809
1723779900,404.0,404.32,396.01,397.66,803915,2024-08-16 09:15:00,2024-08-16 (Fri),0.9908493586686953,0.9908493586686953,400.3031409021529,400.62021269692684,392.38625452639,394.0211559681934
1724039100,400.79,406.99,398.03,404.64,492795,2024-08-19 09:15:00,2024-08-19 (Mon),0.9908493586686953,0.9908493586686953,397.1225144608264,403.2657804845723,394.38777023090074,400.93728449170084
1724125500,407.48,409.9,403.0,403.94,417255,2024-08-20 09:15:00,2024-08-20 (Tue),0.9908493586686953,0.9908493586686953,403.75129667031996,406.14915211829816,399.3122915434842,400.24368994063275
1724211900,405.95,408.41,404.41,406.52,301420,2024-08-21 09:15:00,2024-08-21 (Wed),0.9908493586686953,0.9908493586686953,402.23529715155684,404.67278657388187,400.7093891392071,402.800081285998
1724298300,407.2,410.6,405.0,406.3,379665,2024-08-22 09:15:00,2024-08-22 (Thu),0.9908493586686953,0.9908493586686953,403.4738588498927,406.8427466693663,401.2939902608216,402.5820944270909
1724384700,406.3,409.12,403.6,404.3,344205,2024-08-23 09:15:00,2024-08-23 (Fri),0.9908493586686953,0.9908493586686953,402.5820944270909,405.3762896185366,399.9068011586854,400.6003957097535
1724643900,404.34,413.0,403.8,404.76,694080,2024-08-26 09:15:00,2024-08-26 (Mon),0.9908493586686953,0.9908493586686953,400.6400296841002,409.2207851301711,400.10497103041916,401.0561864147411
1724730300,406.0,409.58,405.32,406.54,408470,2024-08-27 09:15:00,2024-08-27 (Tue),0.9908493586686953,0.9908493586686953,402.2848396194903,405.8320803235242,401.61106205559554,402.8198982731714
1724816700,408.0,408.84,403.02,404.42,302085,2024-08-28 09:15:00,2024-08-28 (Wed),0.9908493586686953,0.9908493586686953,404.2665383368277,405.09885179810937,399.33210853065754,400.71929763279377
1724903100,404.6,406.2,398.0,399.61,252720,2024-08-29 09:15:00,2024-08-29 (Thu),0.9908493586686953,0.9908493586686953,400.8976505173541,402.48300949122404,394.3580447501407,395.95331221759733
1724989500,401.58,403.56,398.26,399.69,404330,2024-08-30 09:15:00,2024-08-30 (Fri),0.9908493586686953,0.9908493586686953,397.90528545417465,399.86716718433865,394.61566558339456,396.0325801662908
1725248700,398.2,403.28,393.1,395.23,270850,2024-09-02 09:15:00,2024-09-02 (Mon),0.9908493586686953,0.9908493586686953,394.55621462187446,399.58972936391143,389.50288289266416,391.61339202662845
1725335100,395.23,401.9,394.6,395.64,279055,2024-09-03 09:15:00,2024-09-03 (Tue),0.9908493586686953,0.9908493586686953,391.61339202662845,398.2223572489486,390.9891569306672,392.01964026368256
1725421500,394.0,403.18,391.0,392.99,458640,2024-09-04 09:15:00,2024-09-04 (Wed),0.9908493586686953,0.9908493586686953,390.39464731546593,399.49064442804456,387.42209923945984,389.39388946321054
1725507900,395.18,399.54,394.0,395.03,232785,2024-09-05 09:15:00,2024-09-05 (Thu),0.9908493586686953,0.9908493586686953,391.563849558695,395.88395276249054,390.39464731546593,391.41522215489465
1725594300,395.6,406.54,392.8,395.91,537970,2024-09-06 09:15:00,2024-09-06 (Fri),0.9908493586686953,0.9908493586686953,391.98000628933585,402.8198982731714,389.2056280850635,392.28716959052315
1725853500,396.4,406.0,393.3,402.57,493355,2024-09-09 09:15:00,2024-09-09 (Mon),0.9908493586686953,0.9908493586686953,392.7726857762708,402.2848396194903,389.70105276439784,398.88622631925665
1725939900,404.98,412.92,404.01,406.1,363665,2024-09-10 09:15:00,2024-09-10 (Tue),0.9908493586686953,0.9908493586686953,401.2741732736482,409.1415171814777,400.3130493957396,402.38392455535717
1726026300,408.3,408.6,398.43,399.89,219980,2024-09-11 09:15:00,2024-09-11 (Wed),0.9908493586686953,0.9908493586686953,404.5637931444283,404.8610479520289,394.7841099743683,396.23075003802455
1726112700,401.8,403.24,398.0,400.05,239195,2024-09-12 09:15:00,2024-09-12 (Thu),0.9908493586686953,0.9908493586686953,398.12327231308177,399.5500953895647,394.3580447501407,396.3892859354116
1726199100,401.8,417.6,400.0,413.86,745510,2024-09-13 09:15:00,2024-09-13 (Fri),0.9908493586686953,0.9908493586686953,398.12327231308177,413.7786921800472,396.3397434674781,410.07291557862624
1726458300,414.0,436.0,402.02,427.86,2481125,2024-09-16 09:15:00,2024-09-16 (Mon),0.9908493586686953,0.9908493586686953,410.2116344888398,432.01032037955116,398.34125917198884,423.944806599988
1726544700,428.0,428.0,418.02,421.69,610960,2024-09-17 09:15:00,2024-09-17 (Tue),0.9908493586686953,0.9908493586686953,424.0835255102016,424.0835255102016,414.194848910688,417.8312660570021
1726631100,423.89,475.49,421.04,458.1,16077460,2024-09-18 09:15:00,2024-09-18 (Wed),0.9908493586686953,0.9908493586686953,420.01113464607323,471.13896155337795,417.1872139738675,453.9080912061293
1726717500,459.8,464.19,447.2,449.75,2393980,2024-09-19 09:15:00,2024-09-19 (Thu),0.9908493586686953,0.9908493586686953,455.5925351158661,459.9423638004217,443.1078331966405,445.6344990612457
1726803900,451.76,461.97,442.01,453.36,1994250,2024-09-20 09:15:00,2024-09-20 (Fri),0.9908493586686953,0.9908493586686953,447.62610627216975,457.7426782241772,437.96532502515,449.2114652460397
1727063100,454.5,464.93,448.2,450.67,1004155,2024-09-23 09:15:00,2024-09-23 (Mon),0.9908493586686953,0.9908493586686953,450.341033514922,460.6755923258365,444.0986825553092,446.54608047122093
1727149500,452.86,481.0,450.02,461.87,4513480,2024-09-24 09:15:00,2024-09-24 (Tue),0.9908493586686953,0.9908493586686953,448.7160405667054,476.5985415196424,445.90202838808625,457.6435932883103
1727235900,466.0,508.6,466.0,486.78,27400745,2024-09-25 09:15:00,2024-09-25 (Wed),0.9908493586686953,0.9908493586686953,461.735801139612,503.94598381889847,461.735801139612,482.3256508127475
1727322300,489.0,498.68,479.6,482.74,3147025,2024-09-26 09:15:00,2024-09-26 (Thu),0.9908493586686953,0.9908493586686953,484.525336388992,494.116758180905,475.2113524175063,478.322619403726
1727408700,486.99,495.4,481.4,490.66,1875370,2024-09-27 09:15:00,2024-09-27 (Fri),0.9908493586686953,0.9908493586686953,482.5337291780679,490.8667722844716,476.9948812631099,486.1701463243821
1727667900,486.21,507.0,485.37,495.91,2141270,2024-09-30 09:15:00,2024-09-30 (Mon),0.9908493586686953,0.9908493586686953,481.7608666783063,502.3606248450285,480.9285532170246,491.3721054573927
1727754300,496.8,498.6,483.4,489.78,1225100,2024-10-01 09:15:00,2024-10-01 (Tue),0.9908493586686953,0.9908493586686953,492.25396138660784,494.0374902322115,478.9765799804473,485.2981988887536
1727927100,482.47,485.49,469.64,480.15,1067605,2024-10-03 09:15:00,2024-10-03 (Thu),0.9908493586686953,0.9908493586686953,478.05509007688545,481.04745514006487,465.34249280516605,475.756319564774
1728013500,483.8,488.0,468.44,471.09,1005850,2024-10-04 09:15:00,2024-10-04 (Fri),0.9908493586686953,0.9908493586686953,479.3729197239148,483.5344870303233,464.1534735747636,466.77922437523563
1728272700,474.8,474.8,437.46,445.58,1155885,2024-10-07 09:15:00,2024-10-07 (Mon),0.9908493586686953,0.9908493586686953,470.45527549589656,470.45527549589656,433.45696044320744,441.5026572355972
1728359100,443.01,498.95,443.0,489.5,3474785,2024-10-08 09:15:00,2024-10-08 (Tue),0.9908493586686953,0.9908493586686953,438.9561743838187,494.3842875077455,438.946265890232,485.02076106832635
1728445500,488.4,507.2,487.65,494.14,1949470,2024-10-09 09:15:00,2024-10-09 (Wed),0.9908493586686953,0.9908493586686953,483.9308267737907,502.55879471676224,483.18768975478923,489.6183020925491
1728531900,496.88,514.8,486.22,488.89,2054710,2024-10-10 09:15:00,2024-10-10 (Thu),0.9908493586686953,0.9908493586686953,492.3332293353013,510.0892498426443,481.77077517189304,484.41634295953844
1728618300,490.4,502.22,482.4,491.77,1138385,2024-10-11 09:15:00,2024-10-11 (Fri),0.9908493586686953,0.9908493586686953,485.9125254911281,497.6243649105922,477.9857306217786,487.2699891125043
1728877500,494.19,501.99,490.01,495.21,830295,2024-10-14 09:15:00,2024-10-14 (Mon),0.9908493586686953,0.9908493586686953,489.66784456048254,497.3964695580984,485.5260942412474,490.67851090632456
1728963900,497.94,523.36,495.21,502.12,3839235,2024-10-15 09:15:00,2024-10-15 (Tue),0.9908493586686953,0.9908493586686953,493.3835296554901,518.5709203528484,490.67851090632456,497.52527997472527
1729050300,502.12,509.76,491.38,495.86,1282835,2024-10-16 09:15:00,2024-10-16 (Wed),0.9908493586686953,0.9908493586686953,497.52527997472527,505.0953690749541,486.8835578626235,491.32256298945924
1729136700,496.7,516.2,494.2,514.08,4160250,2024-10-17 09:15:00,2024-10-17 (Thu),0.9908493586686953,0.9908493586686953,492.1548764507409,511.47643894478057,489.67775305406917,509.3758383044029
1729223100,509.0,516.0,488.4,496.35,1050949,2024-10-18 09:15:00,2024-10-18 (Fri),0.9908493586686953,0.9908493586686953,504.3423235623659,511.2782690730468,483.9308267737907,491.8080791752069
1729482300,493.0,493.0,455.25,462.85,984424,2024-10-21 09:15:00,2024-10-21 (Mon),0.9908493586686953,0.9908493586686953,488.4887338236668,488.4887338236668,451.0841705339235,458.61462565980565
1729568700,459.75,460.8,425.3,428.85,1158265,2024-10-22 09:15:00,2024-10-22 (Tue),0.9908493586686953,0.9908493586686953,455.54299264793264,456.5833844745348,421.4082322417961,424.92574746507
1729655100,430.0,458.0,425.95,442.3,1626800,2024-10-23 09:15:00,2024-10-23 (Wed),0.9908493586686953,0.9908493586686953,426.065224227539,453.80900627026244,422.0522843249307,438.25267133916395
1729741500,441.05,443.65,430.1,434.2,543442,2024-10-24 09:15:00,2024-10-24 (Thu),0.9908493586686953,0.9908493586686953,437.01410964082805,439.59031797336667,426.16430916340585,430.2267915339475
1729827900,431.3,431.65,410.0,414.4,632734,2024-10-25 09:15:00,2024-10-25 (Fri),0.9908493586686953,0.9908493586686953,427.3533283938083,427.7001256693423,406.2482370541651,410.6079742323073
1730087100,420.0,430.0,407.05,422.0,441314,2024-10-28 09:15:00,2024-10-28 (Mon),0.9908493586686953,0.9908493586686953,416.156730640852,426.065224227539,403.3252314460924,418.1384293581894
1730173500,425.8,433.9,418.45,427.45,299954,2024-10-29 09:15:00,2024-10-29 (Tue),0.9908493586686953,0.9908493586686953,421.90365692113045,429.92953672634684,414.62091413491555,423.53855836293377
1730259900,428.45,437.7,425.95,432.0,221955,2024-10-30 09:15:00,2024-10-30 (Wed),0.9908493586686953,0.9908493586686953,424.52940772160247,433.6947642892879,422.0522843249307,428.04692294487637
1730346300,430.0,434.75,426.65,432.3,263564,2024-10-31 09:15:00,2024-10-31 (Thu),0.9908493586686953,0.9908493586686953,426.065224227539,430.77175868121526,422.7458788759988,428.344177752477
1730432700,434.75,445.9,434.05,443.05,104168,2024-11-01 09:15:00,2024-11-01 (Fri),0.9908493586686953,0.9908493586686953,430.77175868121526,441.8197290303712,430.0781641301472,438.99580835816545
1730691900,446.0,447.45,425.25,429.75,260737,2024-11-04 09:15:00,2024-11-04 (Mon),0.9908493586686953,0.9908493586686953,441.9188139662381,443.3555455363077,421.3586897738627,425.8175118878718
1730778300,431.3,440.0,428.0,434.45,235560,2024-11-05 09:15:00,2024-11-05 (Tue),0.9908493586686953,0.9908493586686953,427.3533283938083,435.97371781422595,424.0835255102016,430.47450387361465
1730864700,436.6,457.2,435.9,454.9,384892,2024-11-06 09:15:00,2024-11-06 (Wed),0.9908493586686953,0.9908493586686953,432.6048299947524,453.0163267833275,431.91123544368423,450.7373732583895
1730951100,458.9,462.0,443.4,445.65,260932,2024-11-07 09:15:00,2024-11-07 (Thu),0.9908493586686953,0.9908493586686953,454.7007706930642,457.77240370493723,439.34260563369946,441.572016690704
1731037500,446.8,448.45,431.95,434.7,181412,2024-11-08 09:15:00,2024-11-08 (Fri),0.9908493586686953,0.9908493586686953,442.71149345317303,444.3463948949764,427.9973804769429,430.72221621328185
1731296700,433.0,440.9,422.2,430.2,289959,2024-11-11 09:15:00,2024-11-11 (Mon),0.9908493586686953,0.9908493586686953,429.03777230354507,436.8654822370277,418.33659922992314,426.2633940992727
1731383100,429.0,430.9,412.0,416.3,229059,2024-11-12 09:15:00,2024-11-12 (Tue),0.9908493586686953,0.9908493586686953,425.0743748688703,426.95698865034075,408.2299357715025,412.4905880137779
1731469500,415.5,415.5,398.1,405.15,378786,2024-11-13 09:15:00,2024-11-13 (Wed),0.9908493586686953,0.9908493586686953,411.69790852684287,411.69790852684287,394.4571296860076,401.4426176646219
1731555900,400.0,415.55,395.15,410.2,252774,2024-11-14 09:15:00,2024-11-14 (Thu),0.9908493586686953,0.9908493586686953,396.3397434674781,411.74745099477633,391.5341240779349,406.44640692589877
1731901500,410.2,419.85,408.6,418.0,254522,2024-11-18 09:15:00,2024-11-18 (Mon),0.9908493586686953,0.9908493586686953,406.44640692589877,416.0081032370517,404.8610479520289,414.1750319235146
1731987900,422.2,425.7,407.0,410.5,216824,2024-11-19 09:15:00,2024-11-19 (Tue),0.9908493586686953,0.9908493586686953,418.33659922992314,421.8045719852636,403.275688978159,406.74366173349944
1732160700,411.0,415.0,404.8,406.5,161718,2024-11-21 09:15:00,2024-11-21 (Thu),0.9908493586686953,0.9908493586686953,407.2390864128338,411.2024838475085,401.09582038908786,402.78026429882465
1732247100,406.8,412.45,402.1,407.35,193748,2024-11-22 09:15:00,2024-11-22 (Fri),0.9908493586686953,0.9908493586686953,403.07751910642526,408.67581798290337,398.4205271206824,403.62248625369307
1732506300,415.55,422.25,412.45,415.15,175422,2024-11-25 09:15:00,2024-11-25 (Mon),0.9908493586686953,0.9908493586686953,411.74745099477633,418.3861416978566,408.67581798290337,411.35111125130885
1732592700,415.45,418.6,409.15,411.15,115666,2024-11-26 09:15:00,2024-11-26 (Tue),0.9908493586686953,0.9908493586686953,411.64836605890946,414.7695415387159,405.40601509929667,407.38771381663406
1732679100,412.1,420.1,411.55,416.25,135513,2024-11-27 09:15:00,2024-11-27 (Wed),0.9908493586686953,0.9908493586686953,408.32902070736935,416.25581557671893,407.78405356010154,412.4410455458444
1732765500,416.25,445.0,414.95,438.3,647318,2024-11-28 09:15:00,2024-11-28 (Thu),0.9908493586686953,0.9908493586686953,412.4410455458444,440.9279646075694,411.1529413795751,434.28927390448916
1732851900,444.25,444.7,432.0,442.15,486670,2024-11-29 09:15:00,2024-11-29 (Fri),0.9908493586686953,0.9908493586686953,440.1848275885679,440.63070979996877,428.04692294487637,438.1040439353636
1733111100,442.9,444.0,436.35,438.7,174667,2024-12-02 09:15:00,2024-12-02 (Mon),0.9908493586686953,0.9908493586686953,438.8471809543651,439.9371152489007,432.35711765508523,434.6856136479566
1733197500,438.9,516.8,438.9,500.55,18966610,2024-12-03 09:15:00,2024-12-03 (Tue),0.9908493586686953,0.9908493586686953,434.8837835196903,512.0709485599817,434.8837835196903,495.9696464816154
1733283900,505.1,595.0,500.5,581.65,45554900,2024-12-04 09:15:00,2024-12-04 (Wed),0.9908493586686953,0.9908493586686953,500.47801106355803,589.5553684078737,495.92010401368196,576.3275294696466
1733370300,585.0,619.5,574.0,584.55,35641343,2024-12-05 09:15:00,2024-12-05 (Thu),0.9908493586686953,0.9908493586686953,579.6468748211868,613.8311776952568,568.7475318758311,579.2009926097858
1733456700,579.95,579.95,551.8,560.0,5149315,2024-12-06 09:15:00,2024-12-06 (Fri),0.9908493586686953,0.9908493586686953,574.6430855599099,574.6430855599099,546.750676113386,554.8756408544693
1733715900,565.0,602.1,565.0,597.45,7116950,2024-12-09 09:15:00,2024-12-09 (Mon),0.9908493586686953,0.9908493586686953,559.8298876478128,596.5903988544214,559.8298876478128,591.982949336612
1733802300,598.2,599.8,567.0,572.95,2409381,2024-12-10 09:15:00,2024-12-10 (Tue),0.9908493586686953,0.9908493586686953,592.7260863556136,594.3114453294834,561.8115863651502,567.707140049229
1733888700,574.95,577.8,560.4,568.5,1804773,2024-12-11 09:15:00,2024-12-11 (Wed),0.9908493586686953,0.9908493586686953,569.6888387665664,572.512759438772,555.2719805979368,563.2978604031533
1733975100,568.5,574.2,543.15,546.95,1413165,2024-12-12 09:15:00,2024-12-12 (Thu),0.9908493586686953,0.9908493586686953,563.2978604031533,568.9457017475648,538.1798291609018,541.945056723843
1734061500,547.0,575.0,544.6,568.3,5296029,2024-12-13 09:15:00,2024-12-13 (Fri),0.9908493586686953,0.9908493586686953,541.9945991917763,569.7383812344998,539.6165607309715,563.0996905314195
1734320700,573.85,585.7,562.4,578.7,2783563,2024-12-16 09:15:00,2024-12-16 (Mon),0.9908493586686953,0.9908493586686953,568.5989044720308,580.3404693722549,557.2536793152742,573.404523861574
1734407100,580.6,580.6,560.25,563.4,1589443,2024-12-17 09:15:00,2024-12-17 (Tue),0.9908493586686953,0.9908493586686953,575.2871376430445,575.2871376430445,555.1233531941365,558.2445286739429
1734493500,565.1,584.4,555.1,565.45,2561375,2024-12-18 09:15:00,2024-12-18 (Wed),0.9908493586686953,0.9908493586686953,559.9289725836798,579.0523652059856,550.0204789969928,560.2757698592138
1734579900,552.0,572.55,545.4,567.85,1771956,2024-12-19 09:15:00,2024-12-19 (Thu),0.9908493586686953,0.9908493586686953,546.9488459851198,567.3108003057614,540.4092402179064,562.6538083200186
1734666300,572.4,576.0,538.2,541.55,2403489,2024-12-20 09:15:00,2024-12-20 (Fri),0.9908493586686953,0.9908493586686953,567.1621729019612,570.7292305931685,533.2751248354919,536.5944701870319
1734925500,549.7,554.05,527.2,532.3,1257316,2024-12-23 09:15:00,2024-12-23 (Mon),0.9908493586686953,0.9908493586686953,544.6698924601818,548.9800871703906,522.3757818901362,527.4291136193465
1735011900,535.0,551.6,528.0,530.95,1625456,2024-12-24 09:15:00,2024-12-24 (Tue),0.9908493586686953,0.9908493586686953,530.104406887752,546.5525062416524,523.1684613770711,526.0914669851438
1735184700,535.0,535.0,513.0,514.6,1090292,2024-12-26 09:15:00,2024-12-26 (Thu),0.9908493586686953,0.9908493586686953,530.104406887752,530.104406887752,508.3057209970407,509.8910799709106
1735271100,516.6,519.25,507.25,515.3,1034274,2024-12-27 09:15:00,2024-12-27 (Fri),0.9908493586686953,0.9908493586686953,511.872778688248,514.49852948872,502.6083371846957,510.5846745219786
1735530300,517.4,528.4,495.0,497.4,1459448,2024-12-30 09:15:00,2024-12-30 (Mon),0.9908493586686953,0.9908493586686953,512.665458175183,523.5648011205386,490.4704325410042,492.848471001809
1735616700,497.35,514.1,494.45,510.2,1323827,2024-12-31 09:15:00,2024-12-31 (Tue),0.9908493586686953,0.9908493586686953,492.7989285338756,509.39565529157625,489.9254653937364,505.5313427927683
1735703100,513.85,534.0,509.0,530.3,1538487,2025-01-01 09:15:00,2025-01-01 (Wed),0.9908493586686953,0.9908493586686953,509.1479429519091,529.1135575290833,504.3423235623659,525.4474149020091
1735789500,532.9,538.0,524.8,533.0,1275692,2025-01-02 09:15:00,2025-01-02 (Thu),0.9908493586686953,0.9908493586686953,528.0236232345477,533.0769549637581,519.9977434293312,528.1227081704146
1735875900,533.5,549.0,525.0,528.25,1291071,2025-01-03 09:15:00,2025-01-03 (Fri),0.9908493586686953,0.9908493586686953,528.6181328497489,543.9762979091137,520.195913301065,523.4161737167383
1736135100,529.8,529.8,485.6,487.75,1278246,2025-01-06 09:15:00,2025-01-06 (Mon),0.9908493586686953,0.9908493586686953,524.9519902226747,524.9519902226747,481.15644856951843,483.2867746906561
1736221500,481.35,503.55,481.35,491.15,1115162,2025-01-07 09:15:00,2025-01-07 (Tue),0.9908493586686953,0.9908493586686953,476.9453387951765,498.9421945576215,476.9453387951765,486.6556625101297
1736307900,493.45,493.45,475.25,476.95,847105,2025-01-08 09:15:00,2025-01-08 (Wed),0.9908493586686953,0.9908493586686953,488.9346160350677,488.9346160350677,470.90115770729744,472.58560161703423
1736394300,478.0,481.05,465.0,467.5,565293,2025-01-09 09:15:00,2025-01-09 (Thu),0.9908493586686953,0.9908493586686953,473.62599344363633,476.6480839875759,460.7449517809433,463.22207517761507
1736480700,467.4,469.4,450.0,452.15,626284,2025-01-10 09:15:00,2025-01-10 (Fri),0.9908493586686953,0.9908493586686953,463.12299024174814,465.10468895908554,445.88221140091287,448.01253752205054
1736739900,440.05,447.3,420.4,424.0,1414797,2025-01-13 09:15:00,2025-01-13 (Mon),0.9908493586686953,0.9908493586686953,436.02326028215936,443.2069181325074,416.5530703843195,420.1201280755268
1736826300,420.0,432.2,420.0,428.4,950415,2025-01-14 09:15:00,2025-01-14 (Tue),0.9908493586686953,0.9908493586686953,416.156730640852,428.2450928166101,416.156730640852,424.47986525366906
1736912700,431.95,448.0,424.65,427.2,987291,2025-01-15 09:15:00,2025-01-15 (Wed),0.9908493586686953,0.9908493586686953,427.9973804769429,443.90051268357547,420.7641801586614,423.2908460232666
1736999100,430.35,441.45,430.05,431.45,469743,2025-01-16 09:15:00,2025-01-16 (Thu),0.9908493586686953,0.9908493586686953,426.41202150307305,437.41044938429553,426.11476669547244,427.50195579760856
1737085500,432.0,434.6,426.05,430.15,410812,2025-01-17 09:15:00,2025-01-17 (Fri),0.9908493586686953,0.9908493586686953,428.04692294487637,430.623131277415,422.15136926079765,426.21385163133925
1737344700,434.0,434.0,424.45,432.05,395190,2025-01-20 09:15:00,2025-01-20 (Mon),0.9908493586686953,0.9908493586686953,430.02862166221377,430.02862166221377,420.5660102869277,428.09646541280983
1737431100,433.8,438.75,418.8,423.9,537318,2025-01-21 09:15:00,2025-01-21 (Tue),0.9908493586686953,0.9908493586686953,429.83045179048,434.73515611589005,414.96771141044957,420.0210431396599
1737517500,425.5,427.6,406.05,416.2,524008,2025-01-22 09:15:00,2025-01-22 (Wed),0.9908493586686953,0.9908493586686953,421.60640211352984,423.6871857667341,402.3343820874237,412.39150307791095
1737603900,416.15,420.35,411.25,413.05,396440,2025-01-23 09:15:00,2025-01-23 (Thu),0.9908493586686953,0.9908493586686953,412.3419606099775,416.5035279163861,407.48679875250093,409.2703275981046
1737690300,413.05,413.9,403.15,408.75,653355,2025-01-24 09:15:00,2025-01-24 (Fri),0.9908493586686953,0.9908493586686953,409.2703275981046,410.11254955297295,399.4609189472845,405.0096753558292
1737949500,401.95,412.5,395.3,410.65,867610,2025-01-27 09:15:00,2025-01-27 (Mon),0.9908493586686953,0.9908493586686953,398.27189971688205,408.7253604508368,391.68275148173524,406.8922891372997
1738035900,411.0,413.8,390.85,401.15,707369,2025-01-28 09:15:00,2025-01-28 (Tue),0.9908493586686953,0.9908493586686953,407.2390864128338,410.01346461710614,387.27347183565956,397.4792202299471
1738122300,401.3,406.95,399.15,403.8,452310,2025-01-29 09:15:00,2025-01-29 (Wed),0.9908493586686953,0.9908493586686953,397.6278476337474,403.22614651022553,395.4975215126097,400.10497103041916
1738208700,403.85,405.6,392.55,393.9,421619,2025-01-30 09:15:00,2025-01-30 (Thu),0.9908493586686953,0.9908493586686953,400.1545134983526,401.8884998760228,388.95791574539635,390.29556237959906
1738295100,394.1,402.4,391.1,395.0,539499,2025-01-31 09:15:00,2025-01-31 (Fri),0.9908493586686953,0.9908493586686953,390.49373225133286,398.71778192828293,387.52118417532677,391.38549667413463
1738381500,395.0,399.7,380.0,382.55,650412,2025-02-01 09:15:00,2025-02-01 (Sat),0.9908493586686953,0.9908493586686953,391.38549667413463,396.0424886598775,376.5227562941042,379.0494221587094
1738554300,379.75,383.2,359.0,362.0,720390,2025-02-03 09:15:00,2025-02-03 (Mon),0.9908493586686953,0.9908493586686953,376.275043954437,379.693474241844,355.7149197620616,358.6874678380677
1738640700,369.55,377.45,363.2,373.05,774969,2025-02-04 09:15:00,2025-02-04 (Tue),0.9908493586686953,0.9908493586686953,366.16838049601637,373.996090429499,359.8764870684701,369.6363532513568
1738727100,375.65,390.4,373.0,374.8,727545,2025-02-05 09:15:00,2025-02-05 (Wed),0.9908493586686953,0.9908493586686953,372.21256158389536,386.8275896242586,369.58681078342335,371.370339629027
1738813500,378.35,387.6,373.0,376.95,656048,2025-02-06 09:15:00,2025-02-06 (Thu),0.9908493586686953,0.9908493586686953,374.8878548523009,384.0532114199863,369.58681078342335,373.50066575016467
1738899900,377.9,377.9,367.05,369.4,421233,2025-02-07 09:15:00,2025-02-07 (Fri),0.9908493586686953,0.9908493586686953,374.4419726408999,374.4419726408999,363.6912570993446,366.01975309221604
1739159100,369.25,369.85,359.6,365.75,365865,2025-02-10 09:15:00,2025-02-10 (Mon),0.9908493586686953,0.9908493586686953,365.87112568841576,366.465635303617,356.30942937726286,362.4031529330753
1739245500,367.75,367.75,348.0,351.0,468995,2025-02-11 09:15:00,2025-02-11 (Tue),0.9908493586686953,0.9908493586686953,364.3848516504127,364.3848516504127,344.81557681670597,347.78812489271206
1739331900,348.05,350.35,333.8,342.95,1380844,2025-02-12 09:15:00,2025-02-12 (Wed),0.9908493586686953,0.9908493586686953,344.8651192846394,347.14407280957744,330.74551592361047,339.811787555429
1739418300,346.75,356.45,340.0,342.8,831900,2025-02-13 09:15:00,2025-02-13 (Thu),0.9908493586686953,0.9908493586686953,343.57701511837007,353.18825389745643,336.8887819473564,339.66316015162874
1739504700,346.0,347.15,333.05,340.65,856547,2025-02-14 09:15:00,2025-02-14 (Fri),0.9908493586686953,0.9908493586686953,342.8338780993686,343.97335486183755,330.002378904609,337.532834030491
1739763900,339.75,344.25,331.25,339.9,448512,2025-02-17 09:15:00,2025-02-17 (Mon),0.9908493586686953,0.9908493586686953,336.64106960768925,341.0998917216983,328.2188500590053,336.7896970114895
1739850300,340.0,347.6,335.3,343.25,617557,2025-02-18 09:15:00,2025-02-18 (Tue),0.9908493586686953,0.9908493586686953,336.8887819473564,344.4192370732385,332.2317899616135,340.10904236302963
1739936700,343.25,359.5,337.95,352.05,462851,2025-02-19 09:15:00,2025-02-19 (Wed),0.9908493586686953,0.9908493586686953,340.10904236302963,356.21034444139593,334.85754076208553,348.82851671931417
1740023100,350.8,365.4,348.65,363.05,443039,2025-02-20 09:15:00,2025-02-20 (Thu),0.9908493586686953,0.9908493586686953,347.5899550209783,362.05635565754125,345.4596288998406,359.72785966466984
1740109500,360.1,368.85,355.25,359.25,356272,2025-02-21 09:15:00,2025-02-21 (Fri),0.9908493586686953,0.9908493586686953,356.8048540565972,365.4747859449483,351.999234667054,355.9626321017288
1740368700,359.0,364.0,350.4,355.85,340603,2025-02-24 09:15:00,2025-02-24 (Mon),0.9908493586686953,0.9908493586686953,355.7149197620616,360.66916655540507,347.1936152775108,352.5937442822552
1740455100,356.9,361.75,340.0,342.55,382538,2025-02-25 09:15:00,2025-02-25 (Tue),0.9908493586686953,0.9908493586686953,353.6341361088573,358.43975549840053,336.8887819473564,339.4154478119616
1740627900,343.0,348.7,338.55,346.2,336318,2025-02-27 09:15:00,2025-02-27 (Thu),0.9908493586686953,0.9908493586686953,339.8613300233625,345.50917136777406,335.4520503772868,343.0320479711023
1740714300,341.95,361.05,335.75,358.4,842562,2025-02-28 09:15:00,2025-02-28 (Fri),0.9908493586686953,0.9908493586686953,338.8209381967603,357.74616094733244,332.67767217301446,355.12041014686037
1740973500,357.0,359.15,338.3,350.65,505465,2025-03-03 09:15:00,2025-03-03 (Mon),0.9908493586686953,0.9908493586686953,353.7332210447242,355.86354716586186,335.2043380376196,347.441327617178
1741059900,348.0,364.8,345.0,357.95,424440,2025-03-04 09:15:00,2025-03-04 (Tue),0.9908493586686953,0.9908493586686953,344.81557681670597,361.46184604234,341.8430287406999,354.6745279354595
1741146300,355.0,374.0,354.95,371.9,601981,2025-03-05 09:15:00,2025-03-05 (Wed),0.9908493586686953,0.9908493586686953,351.75152232738685,370.57766014209204,351.7019798594534,368.4968764888878
1741232700,374.0,393.0,374.0,384.55,897546,2025-03-06 09:15:00,2025-03-06 (Thu),0.9908493586686953,0.9908493586686953,370.57766014209204,389.40379795679723,370.57766014209204,381.03112087604677
1741319100,385.0,400.9,385.0,394.0,788913,2025-03-07 09:15:00,2025-03-07 (Fri),0.9908493586686953,0.9908493586686953,381.47700308744766,397.23150789027994,381.47700308744766,390.39464731546593
1741578300,395.0,401.85,383.85,387.8,381437,2025-03-10 09:15:00,2025-03-10 (Mon),0.9908493586686953,0.9908493586686953,391.38549667413463,398.17281478101523,380.3375263249787,384.25138129172007
1741664700,385.0,417.35,381.1,399.6,7024943,2025-03-11 09:15:00,2025-03-11 (Tue),0.9908493586686953,0.9908493586686953,381.47700308744766,413.53097984038,377.6126905886398,395.94340372401064
1741751100,401.9,417.5,397.35,406.15,1739732,2025-03-12 09:15:00,2025-03-12 (Wed),0.9908493586686953,0.9908493586686953,398.2223572489486,413.67960724418026,393.7139926670061,402.4334670232906
1741837500,407.6,409.0,396.5,400.2,527666,2025-03-13 09:15:00,2025-03-13 (Thu),0.9908493586686953,0.9908493586686953,403.8701985933602,405.2573876954964,392.8717707121377,396.53791333921185
1742183100,401.55,409.8,394.3,404.65,743292,2025-03-17 09:15:00,2025-03-17 (Mon),0.9908493586686953,0.9908493586686953,397.8755599734146,406.05006718243135,390.69190212306654,400.94719298528753
1742355900,420.0,426.85,415.1,417.15,748756,2025-03-19 09:15:00,2025-03-19 (Wed),0.9908493586686953,0.9908493586686953,416.156730640852,422.9440487477326,411.30156878337544,413.3328099686462
1742442300,417.5,429.8,416.1,424.05,605438,2025-03-20 09:15:00,2025-03-20 (Thu),0.9908493586686953,0.9908493586686953,413.67960724418026,425.86705435580524,412.29241814204414,420.16967054346026
1742528700,424.9,432.8,423.3,429.5,586581,2025-03-21 09:15:00,2025-03-21 (Fri),0.9908493586686953,0.9908493586686953,421.0118924983286,428.83960243181133,419.4265335244587,425.5697995482046
1742787900,432.0,439.35,429.15,431.75,386821,2025-03-24 09:15:00,2025-03-24 (Mon),0.9908493586686953,0.9908493586686953,428.04692294487637,435.32966573109127,425.22300227267056,427.79921060520917
1742874300,434.6,510.4,433.2,483.0,30111945,2025-03-25 09:15:00,2025-03-25 (Tue),0.9908493586686953,0.9908493586686953,430.623131277415,505.72951266450207,429.2359421752788,478.5802402369798
1742960700,480.0,516.0,473.35,499.25,24008873,2025-03-26 09:15:00,2025-03-26 (Wed),0.9908493586686953,0.9908493586686953,475.6076921609737,511.2782690730468,469.0185439258269,494.6815423153461
1743047100,490.0,497.0,481.4,486.0,4623683,2025-03-27 09:15:00,2025-03-27 (Thu),0.9908493586686953,0.9908493586686953,485.5161857476607,492.4521312583416,476.9948812631099,481.5527883129859
1743133500,485.95,495.9,474.0,482.85,1621799,2025-03-28 09:15:00,2025-03-28 (Fri),0.9908493586686953,0.9908493586686953,481.50324584505245,491.36219696380596,469.66259600896154,478.43161283317954
1743479100,484.7,495.45,476.1,482.55,1130516,2025-04-01 09:15:00,2025-04-01 (Tue),0.9908493586686953,0.9908493586686953,480.2646841467166,490.91631475240507,471.74337966216586,478.13435802557893
1743565500,484.0,511.75,469.0,500.65,2495655,2025-04-02 09:15:00,2025-04-02 (Wed),0.9908493586686953,0.9908493586686953,479.5710895956485,507.06715929870484,464.7083492156181,496.0687314174823
1743651900,495.85,504.0,490.05,498.35,879050,2025-04-03 09:15:00,2025-04-03 (Thu),0.9908493586686953,0.9908493586686953,491.31265449587255,499.3880767690224,485.5657282155941,493.7897778925443
1743738300,498.35,498.7,470.1,474.7,866951,2025-04-04 09:15:00,2025-04-04 (Fri),0.9908493586686953,0.9908493586686953,493.7897778925443,494.1365751680783,465.7982835101537,470.35619056002963
1743997500,410.0,461.0,406.1,455.15,1293109,2025-04-07 09:15:00,2025-04-07 (Mon),0.9908493586686953,0.9908493586686953,406.2482370541651,456.78155434626854,402.38392455535717,450.9850855980566
1744083900,469.95,474.4,454.05,457.15,737503,2025-04-08 09:15:00,2025-04-08 (Tue),0.9908493586686953,0.9908493586686953,465.64965610635335,470.058935752429,449.8951513035211,452.966784315394
1744170300,458.0,460.65,442.0,444.55,449514,2025-04-09 09:15:00,2025-04-09 (Wed),0.9908493586686953,0.9908493586686953,453.80900627026244,456.43475707073446,437.9554165315633,440.4820823961685
1744343100,469.5,469.7,443.4,453.0,1053850,2025-04-11 09:15:00,2025-04-11 (Fri),0.9908493586686953,0.9908493586686953,465.2037738949524,465.40194376668614,439.34260563369946,448.85475947691896
1744688700,463.15,477.85,455.0,474.6,1011773,2025-04-15 09:15:00,2025-04-15 (Tue),0.9908493586686953,0.9908493586686953,458.9118804674062,473.47736603983606,450.83645819425635,470.2571056241628
1744775100,477.95,485.0,473.55,479.75,753013,2025-04-16 09:15:00,2025-04-16 (Wed),0.9908493586686953,0.9908493586686953,473.57645097570287,480.5619389543172,469.21671379756066,475.3599798213066
1744861500,479.75,492.0,475.65,479.0,1200056,2025-04-17 09:15:00,2025-04-17 (Thu),0.9908493586686953,0.9908493586686953,475.3599798213066,487.4978844649981,471.29749745076487,474.61684280230503
1745207100,480.9,485.5,474.05,480.2,596588,2025-04-21 09:15:00,2025-04-21 (Mon),0.9908493586686953,0.9908493586686953,476.49945658377555,481.05736363365156,469.712138476895,475.80586203270747
1745293500,485.05,497.7,475.6,479.4,1311803,2025-04-22 09:15:00,2025-04-22 (Tue),0.9908493586686953,0.9908493586686953,480.6114814222507,493.1457258094096,471.2479549828315,475.0131825457725
1745379900,482.0,483.45,467.15,473.75,621889,2025-04-23 09:15:00,2025-04-23 (Wed),0.9908493586686953,0.9908493586686953,477.5893908783111,479.0261224483807,462.875277902081,469.4148836692944
1745466300,474.9,483.75,472.05,476.7,578695,2025-04-24 09:15:00,2025-04-24 (Thu),0.9908493586686953,0.9908493586686953,470.55436043176337,479.3233772559813,467.7304397595576,472.337889277367
1745552700,475.0,476.6,455.25,464.1,813618,2025-04-25 09:15:00,2025-04-25 (Fri),0.9908493586686953,0.9908493586686953,470.65344536763024,472.2388043415002,451.0841705339235,459.8531873581415
1745811900,461.5,492.45,458.7,478.4,1775818,2025-04-28 09:15:00,2025-04-28 (Mon),0.9908493586686953,0.9908493586686953,457.2769790256029,487.943766676399,454.50260082133053,474.0223331871038
1745898300,480.0,486.7,470.0,472.25,470717,2025-04-29 09:15:00,2025-04-29 (Tue),0.9908493586686953,0.9908493586686953,475.6076921609737,482.246382864054,465.69919857428675,467.92860963129135
1745984700,473.0,482.8,464.0,466.35,748416,2025-04-30 09:15:00,2025-04-30 (Wed),0.9908493586686953,0.9908493586686953,468.67174665029285,478.3820703652461,459.7541024222746,462.0825984151461
1746157500,467.0,470.6,456.65,462.5,325310,2025-05-02 09:15:00,2025-05-02 (Fri),0.9908493586686953,0.9908493586686953,462.7266504982807,466.29370818948803,452.4713596360597,458.2678283842716
1746416700,460.1,472.95,457.95,468.2,727209,2025-05-05 09:15:00,2025-05-05 (Mon),0.9908493586686953,0.9908493586686953,455.8897899234667,468.62220418235944,453.759463802329,463.9156697286831
1746503100,471.0,471.0,441.1,447.0,641995,2025-05-06 09:15:00,2025-05-06 (Tue),0.9908493586686953,0.9908493586686953,466.69004793295545,466.69004793295545,437.0636521087615,442.9096633249068
1746589500,438.0,449.8,434.0,447.35,667398,2025-05-07 09:15:00,2025-05-07 (Wed),0.9908493586686953,0.9908493586686953,433.99201909688855,445.6840415291791,430.02862166221377,443.25646060044085
1746675900,450.6,454.5,430.1,436.25,303101,2025-05-08 09:15:00,2025-05-08 (Thu),0.9908493586686953,0.9908493586686953,446.47672101611414,450.341033514922,426.16430916340585,432.2580327192183
1746762300,427.0,434.4,416.05,424.9,493728,2025-05-09 09:15:00,2025-05-09 (Fri),0.9908493586686953,0.9908493586686953,423.0926761515329,430.4249614056812,412.2428756741107,421.0118924983286
1747021500,448.7,466.0,445.85,463.3,827840,2025-05-12 09:15:00,2025-05-12 (Mon),0.9908493586686953,0.9908493586686953,444.59410723464356,461.735801139612,441.7701865624378,459.06050787120654
1747107900,464.0,467.7,458.6,461.6,342976,2025-05-13 09:15:00,2025-05-13 (Tue),0.9908493586686953,0.9908493586686953,459.7541024222746,463.42024504934875,454.40351588546366,457.37606396146975
1747194300,464.35,492.7,463.0,488.2,2499122,2025-05-14 09:15:00,2025-05-14 (Wed),0.9908493586686953,0.9908493586686953,460.1008996978087,488.1914790160661,458.76325306360593,483.73265690205704
1747280700,489.75,490.5,480.85,483.75,615664,2025-05-15 09:15:00,2025-05-15 (Thu),0.9908493586686953,0.9908493586686953,485.2684734079935,486.01161042699505,476.44991411584215,479.3233772559813
1747367100,486.0,495.0,479.4,490.6,717101,2025-05-16 09:15:00,2025-05-16 (Fri),0.9908493586686953,0.9908493586686953,481.5527883129859,490.4704325410042,475.0131825457725,486.1106953628619
1747626300,492.9,550.9,492.6,528.7,14342722,2025-05-19 09:15:00,2025-05-19 (Mon),0.9908493586686953,0.9908493586686953,488.38964888779986,545.8589116905843,488.0923940801993,523.8620559281393
1747712700,515.0,519.0,492.35,494.45,3403597,2025-05-20 09:15:00,2025-05-20 (Tue),0.9908493586686953,0.9908493586686953,510.2874197143781,514.2508171490529,487.84468174053217,489.9254653937364
1747799100,492.0,504.95,481.4,492.55,1574960,2025-05-21 09:15:00,2025-05-21 (Wed),0.9908493586686953,0.9908493586686953,487.4978844649981,500.3293836597577,476.9948812631099,488.04285161226585
1747885500,491.0,497.9,475.55,480.2,816418,2025-05-22 09:15:00,2025-05-22 (Thu),0.9908493586686953,0.9908493586686953,486.5070351063294,493.34389568114335,471.19841251489805,475.80586203270747
1747971900,483.8,514.6,477.7,495.3,3007472,2025-05-23 09:15:00,2025-05-23 (Fri),0.9908493586686953,0.9908493586686953,479.3729197239148,509.8910799709106,473.3287386360357,490.7676873486048
1748231100,495.0,495.0,486.95,487.8,443610,2025-05-26 09:15:00,2025-05-26 (Mon),0.9908493586686953,0.9908493586686953,490.4704325410042,490.4704325410042,482.49409520372114,483.33631715858957
1748317500,489.05,509.2,488.15,499.9,1273905,2025-05-27 09:15:00,2025-05-27 (Tue),0.9908493586686953,0.9908493586686953,484.57487885692547,504.54049343409963,483.6831144341236,495.32559439848075
1748403900,498.05,499.95,488.4,490.7,425536,2025-05-28 09:15:00,2025-05-28 (Wed),0.9908493586686953,0.9908493586686953,493.4925230849437,495.3751368664142,483.9308267737907,486.2097802987288
1748490300,492.7,525.8,488.6,514.35,4497298,2025-05-29 09:15:00,2025-05-29 (Thu),0.9908493586686953,0.9908493586686953,488.1914790160661,520.9885927879999,484.1289966455245,509.64336763124345
1748576700,514.35,532.0,512.25,523.5,2324079,2025-05-30 09:15:00,2025-05-30 (Fri),0.9908493586686953,0.9908493586686953,509.64336763124345,527.1318588117459,507.56258397803913,518.709639263062
1748835900,523.9,526.9,515.25,519.25,598555,2025-06-02 09:15:00,2025-06-02 (Mon),0.9908493586686953,0.9908493586686953,519.1059790065294,522.0785270825355,510.5351320540452,514.49852948872
1748922300,526.0,538.7,511.55,517.35,2031625,2025-06-03 09:15:00,2025-06-03 (Tue),0.9908493586686953,0.9908493586686953,521.1867626597337,533.7705495148261,506.8689894269711,512.6159157072495
1749008700,517.05,535.95,505.75,522.95,1982677,2025-06-04 09:15:00,2025-06-04 (Wed),0.9908493586686953,0.9908493586686953,512.3186608996489,531.0457137784873,501.12206314669265,518.1646721157942
1749095100,524.0,539.0,520.7,524.5,1274609,2025-06-05 09:15:00,2025-06-05 (Thu),0.9908493586686953,0.9908493586686953,519.2050639423964,534.0678043224268,515.9352610587897,519.7004886217306
1749181500,525.95,529.45,520.9,522.5,461655,2025-06-06 09:15:00,2025-06-06 (Fri),0.9908493586686953,0.9908493586686953,521.1372201918003,524.6051929471407,516.1334309305233,517.7187899043932
1749440700,523.8,529.9,521.65,523.5,506308,2025-06-09 09:15:00,2025-06-09 (Mon),0.9908493586686953,0.9908493586686953,519.0068940706625,525.0510751585416,516.8765679495249,518.709639263062
1749527100,527.0,539.9,524.95,527.15,1277021,2025-06-10 09:15:00,2025-06-10 (Tue),0.9908493586686953,0.9908493586686953,522.1776120184024,534.9595687452286,520.1463708331316,522.3262394222027
1749613500,530.0,537.8,513.7,515.05,1024557,2025-06-11 09:15:00,2025-06-11 (Wed),0.9908493586686953,0.9908493586686953,525.1501600944085,532.8787850920243,508.9993155481088,510.3369621823115
1749699900,517.95,523.95,501.3,505.05,594914,2025-06-12 09:15:00,2025-06-12 (Thu),0.9908493586686953,0.9908493586686953,513.2104253224508,519.155521474463,496.712783500617,500.42846859562457
1749786300,494.95,508.8,492.95,503.55,465799,2025-06-13 09:15:00,2025-06-13 (Fri),0.9908493586686953,0.9908493586686953,490.4208900730707,504.14415369063215,488.4391913557333,498.9421945576215
1750045500,501.0,511.75,491.0,504.7,696554,2025-06-16 09:15:00,2025-06-16 (Mon),0.9908493586686953,0.9908493586686953,496.4155286930163,507.06715929870484,486.5070351063294,500.0816713200905
1750131900,507.7,510.6,498.0,502.5,416600,2025-06-17 09:15:00,2025-06-17 (Tue),0.9908493586686953,0.9908493586686953,503.0542193960966,505.9276825362358,493.4429806170102,497.90180273101936
1750218300,499.9,508.85,492.65,501.05,605892,2025-06-18 09:15:00,2025-06-18 (Wed),0.9908493586686953,0.9908493586686953,495.32559439848075,504.1936961585656,488.1419365481327,496.4650711609498
1750304700,501.05,506.9,481.0,487.2,488171,2025-06-19 09:15:00,2025-06-19 (Thu),0.9908493586686953,0.9908493586686953,496.4650711609498,502.2615399091616,476.5985415196424,482.74180754338835
1750391100,485.9,493.9,484.35,488.6,392746,2025-06-20 09:15:00,2025-06-20 (Fri),0.9908493586686953,0.9908493586686953,481.45370337711904,489.38049824646856,479.9178868711826,484.1289966455245
1750650300,485.0,497.3,481.0,493.75,417308,2025-06-23 09:15:00,2025-06-23 (Mon),0.9908493586686953,0.9908493586686953,480.5619389543172,492.7493860659422,476.5985415196424,489.2318708426683
1750736700,498.0,503.7,489.4,491.4,399598,2025-06-24 09:15:00,2025-06-24 (Tue),0.9908493586686953,0.9908493586686953,493.4429806170102,499.0908219614218,484.9216761324594,486.9033748497968
1750823100,494.0,505.85,492.3,493.75,503102,2025-06-25 09:15:00,2025-06-25 (Wed),0.9908493586686953,0.9908493586686953,489.4795831823355,501.2211480825595,487.7951392725987,489.2318708426683
1750909500,496.5,500.55,492.75,495.35,313340,2025-06-26 09:15:00,2025-06-26 (Thu),0.9908493586686953,0.9908493586686953,491.95670657900723,495.9696464816154,488.2410214839996,490.8172298165382
1750995900,498.8,529.0,496.0,509.7,2793402,2025-06-27 09:15:00,2025-06-27 (Fri),0.9908493586686953,0.9908493586686953,494.23566010394524,524.1593107357398,491.4612818996729,505.035918113434
1751255100,512.0,521.95,505.85,510.0,976091,2025-06-30 09:15:00,2025-06-30 (Mon),0.9908493586686953,0.9908493586686953,507.314871638372,517.1738227571255,501.2211480825595,505.3331729210346
1751341500,512.6,524.0,510.6,513.35,646235,2025-07-01 09:15:00,2025-07-01 (Tue),0.9908493586686953,0.9908493586686953,507.9093812535732,519.2050639423964,505.9276825362358,508.65251827257475
1751427900,510.9,512.9,500.15,502.9,571996,2025-07-02 09:15:00,2025-07-02 (Wed),0.9908493586686953,0.9908493586686953,506.2249373438364,508.2066360611738,495.57330673814795,498.29814247448684
1751514300,503.0,508.45,502.2,505.65,288061,2025-07-03 09:15:00,2025-07-03 (Thu),0.9908493586686953,0.9908493586686953,498.3972274103537,503.7973564150981,497.60454792341875,501.0229782108257
1751600700,505.65,510.7,502.35,505.45,257541,2025-07-04 09:15:00,2025-07-04 (Fri),0.9908493586686953,0.9908493586686953,501.0229782108257,506.0267674721027,497.7531753272191,500.82480833909204
1751859900,505.5,506.0,487.1,489.25,522874,2025-07-07 09:15:00,2025-07-07 (Mon),0.9908493586686953,0.9908493586686953,500.87435080702545,501.3697754863598,482.6427226075215,484.77304872865915
1751946300,489.25,498.0,488.05,494.45,286939,2025-07-08 09:15:00,2025-07-08 (Tue),0.9908493586686953,0.9908493586686953,484.77304872865915,493.4429806170102,483.58402949825677,489.9254653937364
1752032700,496.9,499.85,492.0,493.25,245905,2025-07-09 09:15:00,2025-07-09 (Wed),0.9908493586686953,0.9908493586686953,492.35304632247465,495.27605193054734,487.4978844649981,488.73644616333394
1752119100,494.0,506.6,494.0,501.15,480238,2025-07-10 09:15:00,2025-07-10 (Thu),0.9908493586686953,0.9908493586686953,489.4795831823355,501.9642851015611,489.4795831823355,496.5641560968166
1752205500,501.7,513.4,499.85,505.45,617460,2025-07-11 09:15:00,2025-07-11 (Fri),0.9908493586686953,0.9908493586686953,497.1091232440844,508.70206074050816,495.27605193054734,500.82480833909204
1752464700,504.8,535.95,494.55,531.45,3208968,2025-07-14 09:15:00,2025-07-14 (Mon),0.9908493586686953,0.9908493586686953,500.18075625595736,531.0457137784873,490.02455032960324,526.5868916644781
1752551100,535.7,541.65,528.05,531.9,1440257,2025-07-15 09:15:00,2025-07-15 (Tue),0.9908493586686953,0.9908493586686953,530.79800143882,536.6935551228988,523.2180038450045,527.032773875879
1752637500,531.5,547.4,528.2,533.2,1425499,2025-07-16 09:15:00,2025-07-16 (Wed),0.9908493586686953,0.9908493586686953,526.6364341324115,542.3909389352438,523.3666312488049,528.3208780421484
1752723900,534.0,557.0,533.2,550.45,3731594,2025-07-17 09:15:00,2025-07-17 (Thu),0.9908493586686953,0.9908493586686953,529.1135575290833,551.9030927784632,528.3208780421484,545.4130294791834
1752810300,559.0,563.0,537.0,539.3,1572704,2025-07-18 09:15:00,2025-07-18 (Fri),0.9908493586686953,0.9908493586686953,553.8847914958006,557.8481889304754,532.0861056050894,534.3650591300274
1753069500,546.0,559.0,535.5,538.65,1354391,2025-07-21 09:15:00,2025-07-21 (Mon),0.9908493586686953,0.9908493586686953,541.0037498331076,553.8847914958006,530.5998315670863,533.7210070468927
1753155900,539.05,549.0,538.0,540.65,579918,2025-07-22 09:15:00,2025-07-22 (Tue),0.9908493586686953,0.9908493586686953,534.1173467903601,543.9762979091137,533.0769549637581,535.7027057642301
1753242300,541.65,544.0,531.3,541.15,506121,2025-07-23 09:15:00,2025-07-23 (Wed),0.9908493586686953,0.9908493586686953,536.6935551228988,539.0220511157702,526.4382642606778,536.1981304435644
1753328700,543.0,547.9,528.1,530.8,514231,2025-07-24 09:15:00,2025-07-24 (Thu),0.9908493586686953,0.9908493586686953,538.0312017571015,542.8863636145782,523.267546312938,525.9428395813434
1753415100,531.7,532.0,508.6,513.7,679840,2025-07-25 09:15:00,2025-07-25 (Fri),0.9908493586686953,0.9908493586686953,526.8346040041454,527.1318588117459,503.94598381889847,508.9993155481088
1753674300,514.0,522.8,507.05,514.85,441672,2025-07-28 09:15:00,2025-07-28 (Mon),0.9908493586686953,0.9908493586686953,509.2965703557094,518.0160447119938,502.41016731296196,510.1387923105778
1753760700,514.05,527.0,510.6,525.35,396580,2025-07-29 09:15:00,2025-07-29 (Tue),0.9908493586686953,0.9908493586686953,509.3461128236428,522.1776120184024,505.9276825362358,520.5427105765991
1753847100,525.0,539.05,524.9,534.25,578316,2025-07-30 09:15:00,2025-07-30 (Wed),0.9908493586686953,0.9908493586686953,520.195913301065,534.1173467903601,520.0968283651981,529.3612698687505
1753933500,551.35,619.0,542.1,573.1,46705589,2025-07-31 09:15:00,2025-07-31 (Thu),0.9908493586686953,0.9908493586686953,546.3047939019851,613.3357530159224,537.1394373342997,567.8557674530293
1754019900,576.0,583.7,525.3,532.6,6685699,2025-08-01 09:15:00,2025-08-01 (Fri),0.9908493586686953,0.9908493586686953,570.7292305931685,578.3587706549175,520.4931681086656,527.7263684269471
1754279100,535.85,542.65,520.7,530.25,2965972,2025-08-04 09:15:00,2025-08-04 (Mon),0.9908493586686953,0.9908493586686953,530.9466288426204,537.6844044815675,515.9352610587897,525.3978724340757
1754365500,533.95,540.0,523.55,527.35,1090556,2025-08-05 09:15:00,2025-08-05 (Tue),0.9908493586686953,0.9908493586686953,529.0640150611499,535.0586536810955,518.7591817309954,522.5244092939365
1754451900,529.0,535.45,518.7,522.95,1073836,2025-08-06 09:15:00,2025-08-06 (Wed),0.9908493586686953,0.9908493586686953,524.1593107357398,530.5502890991529,513.9535623414523,518.1646721157942
1754538300,521.0,525.0,509.0,519.75,688897,2025-08-07 09:15:00,2025-08-07 (Thu),0.9908493586686953,0.9908493586686953,516.2325158663903,520.195913301065,504.3423235623659,514.9939541680544
1754624700,519.0,520.75,503.4,505.8,460883,2025-08-08 09:15:00,2025-08-08 (Fri),0.9908493586686953,0.9908493586686953,514.2508171490529,515.9848035267231,498.7935671538212,501.17160561462606
1754883900,504.8,513.65,500.0,505.55,567368,2025-08-11 09:15:00,2025-08-11 (Mon),0.9908493586686953,0.9908493586686953,500.18075625595736,508.9497730801753,495.4246793343476,500.9238932749589
1754970300,506.0,514.35,501.1,507.0,636458,2025-08-12 09:15:00,2025-08-12 (Tue),0.9908493586686953,0.9908493586686953,501.3697754863598,509.64336763124345,496.51461362888324,502.3606248450285
1755056700,508.05,513.0,501.8,503.0,365106,2025-08-13 09:15:00,2025-08-13 (Wed),0.9943797008017191,0.9943797008017191,505.1946069923134,510.11678651128193,498.9797338623027,500.1729895032647
1755143100,505.0,507.25,495.1,504.3,554749,2025-08-14 09:15:00,2025-08-14 (Thu),0.9943797008017191,0.9943797008017191,502.16174890486815,504.39910323167203,492.31738986693114,501.46568311430696
1755488700,508.05,520.7,501.0,513.9,814327,2025-08-18 09:15:00,2025-08-18 (Mon),0.9943797008017191,0.9943797008017191,505.1946069923134,517.7735102074552,498.1842301016613,511.0117282420034
1755575100,516.0,519.85,508.0,509.55,654107,2025-08-19 09:15:00,2025-08-19 (Tue),0.9943797008017191,0.9943797008017191,513.0999256136871,516.9282874617737,505.1448880072733,506.686176543516
1755661500,509.0,512.55,500.65,502.0,553727,2025-08-20 09:15:00,2025-08-20 (Wed),0.9943797008017191,0.9943797008017191,506.139267708075,509.6693156459211,497.83619720638063,499.178609802463
1755747900,505.0,508.85,495.6,496.65,537998,2025-08-21 09:15:00,2025-08-21 (Thu),0.9943797008017191,0.9943797008017191,502.16174890486815,505.9901107529548,492.81457971733204,493.85867840317377
1755834300,498.9,501.4,485.0,486.7,575554,2025-08-22 09:15:00,2025-08-22 (Fri),0.9943797008017191,0.9943797008017191,496.09603272997765,498.5819819819819,482.2741548888338,483.96460038019666
1756093500,489.0,493.2,485.25,490.95,376168,2025-08-25 09:15:00,2025-08-25 (Mon),0.9943797008017191,0.9943797008017191,486.25167369204064,490.42806843540785,482.5227498140342,488.19071410860397
1756179900,490.0,490.0,476.0,478.2,334890,2025-08-26 09:15:00,2025-08-26 (Tue),0.9943797008017191,0.9943797008017191,487.2460533928424,487.2460533928424,473.3247375816183,475.5123729233821
1756352700,476.1,479.85,470.0,470.95,303576,2025-08-28 09:15:00,2025-08-28 (Thu),0.9943797008017191,0.9943797008017191,473.4241755516985,477.1530994297049,467.35845937680796,468.3031200925696
1756439100,471.0,473.1,459.8,462.0,363586,2025-08-29 09:15:00,2025-08-29 (Fri),0.9943797008017191,0.9943797008017191,468.3528390776097,470.44103644929334,457.21578642863045,459.40342177039423
1756698300,466.6,480.75,465.15,478.45,491006,2025-09-01 09:15:00,2025-09-01 (Mon),0.9943797008017191,0.9943797008017191,463.97756839408214,478.04804116042646,462.5357178279196,475.7609678485825
1756784700,479.0,498.0,475.6,478.25,800647,2025-09-02 09:15:00,2025-09-02 (Tue),0.9943797008017191,0.9943797008017191,476.3078766840235,495.2010909992561,472.9269857012976,475.5620919084222
1756871100,481.5,495.0,478.4,490.25,598186,2025-09-03 09:15:00,2025-09-03 (Wed),0.9943797008017191,0.9943797008017191,478.79382593602776,492.21795189685093,475.7112488635424,487.4946483180428
1756957500,494.3,510.8,493.0,496.6,1632493,2025-09-04 09:15:00,2025-09-04 (Thu),0.9943797008017191,0.9943797008017191,491.52188610628974,507.92915116951815,490.2291924952475,493.8089594181337
1757043900,498.8,501.0,490.4,492.45,415169,2025-09-05 09:15:00,2025-09-05 (Fri),0.9943797008017191,0.9943797008017191,495.9965947598975,498.1842301016613,487.643805273163,489.68228365980656
1757303100,495.5,506.6,485.7,491.1,592203,2025-09-08 09:15:00,2025-09-08 (Mon),0.9943797008017191,0.9943797008017191,492.71514174725183,503.75275642615094,482.97022067939497,488.3398710637243
1757389500,493.5,501.0,490.2,499.1,426064,2025-09-09 09:15:00,2025-09-09 (Tue),0.9943797008017191,0.9943797008017191,490.7263823456484,498.1842301016613,487.4449293330027,496.29490867013806
1757475900,502.0,512.0,501.0,508.85,1003567,2025-09-10 09:15:00,2025-09-10 (Wed),0.9943797008017191,0.9943797008017191,499.178609802463,509.1224068104802,498.1842301016613,505.9901107529548
1757562300,512.9,515.9,503.9,510.45,689909,2025-09-11 09:15:00,2025-09-11 (Thu),0.9943797008017191,0.9943797008017191,510.0173485412017,513.0004876436069,501.06793123398626,507.5811182742375
1757648700,510.95,523.0,507.0,518.55,1072838,2025-09-12 09:15:00,2025-09-12 (Fri),0.9943797008017191,0.9943797008017191,508.0783081246384,520.0605835192991,504.1505083064716,515.6355938507314
1757907900,519.15,524.7,512.5,514.45,752190,2025-09-15 09:15:00,2025-09-15 (Mon),0.9943797008017191,0.9943797008017191,516.2322216712124,521.751029010662,509.61959666088103,511.5586370774444
1757994300,516.0,529.45,508.15,510.5,1206242,2025-09-16 09:15:00,2025-09-16 (Tue),0.9943797008017191,0.9943797008017191,513.0999256136871,526.4743325894702,505.29404496239357,507.6308372592776
1758080700,512.9,522.4,510.55,518.65,542314,2025-09-17 09:15:00,2025-09-17 (Wed),0.9943797008017191,0.9943797008017191,510.0173485412017,519.463955698818,507.6805562443177,515.7350318208116
1758167100,520.9,531.0,515.6,518.75,1117121,2025-09-18 09:15:00,2025-09-18 (Thu),0.9943797008017191,0.9943797008017191,517.9723861476155,528.0156211257129,512.7021737333664,515.8344697908918
1758253500,519.0,526.9,516.35,521.35,672131,2025-09-19 09:15:00,2025-09-19 (Fri),0.9943797008017191,0.9943797008017191,516.0830647160922,523.9386643524258,513.4479585089676,518.4198570129763
1758512700,521.0,528.6,515.05,517.2,481523,2025-09-22 09:15:00,2025-09-22 (Mon),0.9943797008017191,0.9943797008017191,518.0718241176957,525.6291098437888,512.1552648979253,514.2931812546492
1758599100,519.0,529.7,516.35,519.35,758187,2025-09-23 09:15:00,2025-09-23 (Tue),0.9943797008017191,0.9943797008017191,516.0830647160922,526.7229275146707,513.4479585089676,516.4310976113728
1758685500,518.0,526.0,517.0,521.9,522066,2025-09-24 09:15:00,2025-09-24 (Wed),0.9943797008017191,0.9943797008017191,515.0886850152905,523.0437226217042,514.0943053144888,518.9667658484171
1758771900,520.1,532.5,518.05,521.8,1015799,2025-09-25 09:15:00,2025-09-25 (Thu),0.9943797008017191,0.9943797008017191,517.1768823869742,529.5071906769155,515.1384040003305,518.8673278783369
1758858300,520.9,521.45,504.7,506.75,513348,2025-09-26 09:15:00,2025-09-26 (Fri),0.9943797008017191,0.9943797008017191,517.9723861476155,518.5192949830565,501.86343499462765,503.9019133812712
1759117500,508.0,519.0,506.0,507.65,474270,2025-09-29 09:15:00,2025-09-29 (Mon),0.9943797008017191,0.9943797008017191,505.1448880072733,516.0830647160922,503.1561286056699,504.79685511199267
1759203900,509.95,511.0,501.1,504.9,266363,2025-09-30 09:15:00,2025-09-30 (Tue),0.9943797008017191,0.9943797008017191,507.08392842383665,508.12802710967844,498.2836680717415,502.06231093478794
1759290300,507.45,518.2,506.9,513.4,340088,2025-10-01 09:15:00,2025-10-01 (Wed),0.9943797008017191,0.9943797008017191,504.5979791718324,515.2875609554509,504.0510703363914,510.51453839160257
1759463100,515.0,521.25,512.3,516.9,601093,2025-10-03 09:15:00,2025-10-03 (Fri),0.9943797008017191,0.9943797008017191,512.1055459128853,518.3204190428961,509.4207207207207,513.9948673444086
1759722300,517.0,534.9,516.55,520.1,872730,2025-10-06 09:15:00,2025-10-06 (Mon),0.9943797008017191,0.9943797008017191,514.0943053144888,531.8937019588395,513.6468344491279,517.1768823869742
1759808700,520.3,523.3,509.15,510.75,498732,2025-10-07 09:15:00,2025-10-07 (Tue),0.9943797008017191,0.9943797008017191,517.3757583271345,520.3588974295395,506.28842466319526,507.87943218447805
1759895100,511.15,544.0,509.65,515.75,3702439,2025-10-08 09:15:00,2025-10-08 (Wed),0.9943797008017191,0.9943797008017191,508.2771840647987,540.9425572361351,506.7856145135961,512.8513306884867
1759981500,518.75,551.2,517.0,535.35,3797564,2025-10-09 09:15:00,2025-10-09 (Thu),0.9943797008017191,0.9943797008017191,515.8344697908918,548.1020910819076,514.0943053144888,532.3411728242004
1760067900,531.7,531.8,512.5,515.2,1621813,2025-10-10 09:15:00,2025-10-10 (Fri),0.9943797008017191,0.9943797008017191,528.7116869162741,528.8111248863542,509.61959666088103,512.3044218530457
1760327100,515.4,522.4,506.2,519.45,783214,2025-10-13 09:15:00,2025-10-13 (Mon),0.9943797008017191,0.9943797008017191,512.503297793206,519.463955698818,503.3550045458302,516.530535581453
1760413500,520.0,529.7,515.0,518.6,772100,2025-10-14 09:15:00,2025-10-14 (Tue),0.9943797008017191,0.9943797008017191,517.077444416894,526.7229275146707,512.1055459128853,515.6853128357716
1760499900,518.1,524.0,506.0,511.3,824815,2025-10-15 09:15:00,2025-10-15 (Wed),0.9943797008017191,0.9943797008017191,515.1881229853707,521.0549632201008,503.1561286056699,508.426341019919
1760586300,513.9,526.4,512.1,521.35,945628,2025-10-16 09:15:00,2025-10-16 (Thu),0.9943797008017191,0.9943797008017191,511.0117282420034,523.4414745020249,509.2218447805604,518.4198570129763
1760672700,518.0,527.95,511.15,512.25,441286,2025-10-17 09:15:00,2025-10-17 (Fri),0.9943797008017191,0.9943797008017191,515.0886850152905,524.9827630382676,508.2771840647987,509.37100173568064
1760931900,514.6,516.0,504.1,506.8,402535,2025-10-20 09:15:00,2025-10-20 (Mon),0.9943797008017191,0.9943797008017191,511.70779403256466,513.0999256136871,501.2668071741466,503.95163236631123
1761018300,508.85,515.7,508.5,513.15,97340,2025-10-21 09:15:00,2025-10-21 (Tue),0.9943797008017191,0.9943797008017191,505.9901107529548,512.8016117034466,505.64207785767417,510.2659434664021
1761191100,516.0,523.55,510.6,514.4,449391,2025-10-23 09:15:00,2025-10-23 (Thu),0.9943797008017191,0.9943797008017191,513.0999256136871,520.60749235474,507.7302752293578,511.5089180924043
1761277500,516.6,526.2,514.4,515.7,507984,2025-10-24 09:15:00,2025-10-24 (Fri),0.9943797008017191,0.9943797008017191,513.6965534341681,523.2425985618646,511.5089180924043,512.8016117034466
1761536700,518.0,525.9,515.0,524.2,625086,2025-10-27 09:15:00,2025-10-27 (Mon),0.9943797008017191,0.9943797008017191,515.0886850152905,522.944284651624,512.1055459128853,521.2538391602612
1761623100,524.2,537.85,523.95,534.8,1469920,2025-10-28 09:15:00,2025-10-28 (Tue),0.9943797008017191,0.9943797008017191,521.2538391602612,534.8271220762047,521.0052442350608,531.7942639887593
1761709500,538.0,585.0,536.0,580.6,9487780,2025-10-29 09:15:00,2025-10-29 (Wed),0.9943797008017191,0.9943797008017191,534.9762790313249,581.7121249690057,532.9875196297214,577.3368542854781
1761795900,578.0,598.0,570.5,588.85,3180111,2025-10-30 09:15:00,2025-10-30 (Thu),0.9943797008017191,0.9943797008017191,574.7514670633936,594.6390610794281,567.2936193073807,585.5404868170923
1761882300,587.0,594.0,581.1,591.0,1127330,2025-10-31 09:15:00,2025-10-31 (Fri),0.9943797008017191,0.9943797008017191,583.7008843706092,590.6615422762211,577.834044135879,587.678403173816
1762141500,591.0,606.55,582.0,583.55,1201834,2025-11-03 09:15:00,2025-11-03 (Mon),0.9943797008017191,0.9943797008017191,587.678403173816,603.1410075212826,578.7289858666005,580.2702744028431
1762227900,584.0,592.5,578.1,579.7,638595,2025-11-04 09:15:00,2025-11-04 (Tue),0.9943797008017191,0.9943797008017191,580.717745268204,589.1699727250186,574.8509050334739,576.4419125547566
1762400700,582.3,583.2,555.05,556.65,788256,2025-11-06 09:15:00,2025-11-06 (Thu),0.9943797008017191,0.9943797008017191,579.027299776841,579.9222415075626,551.9304529299942,553.5214604512769
1762487100,556.0,557.0,544.0,549.5,501238,2025-11-07 09:15:00,2025-11-07 (Fri),0.9943797008017191,0.9943797008017191,552.8751136457558,553.8694933465575,540.9425572361351,546.4116455905447
1762746300,550.7,555.25,511.05,519.3,1530693,2025-11-10 09:15:00,2025-11-10 (Mon),0.9943797008017191,0.9943797008017191,547.6049012315068,552.1293288701545,508.17774609471854,516.3813786263327
1762832700,540.0,581.7,527.0,531.8,25128586,2025-11-11 09:15:00,2025-11-11 (Tue),0.9943797008017191,0.9943797008017191,536.9650384329283,578.43067195636,524.038102322506,528.8111248863542
1762919100,535.5,538.8,520.35,522.15,2008269,2025-11-12 09:15:00,2025-11-12 (Wed),0.9943797008017191,0.9943797008017191,532.4903297793206,535.7717827919662,517.4254773121745,519.2153607736176
1763005500,525.3,529.8,514.0,515.25,1101604,2025-11-13 09:15:00,2025-11-13 (Thu),0.9943797008017191,0.9943797008017191,522.347656831143,526.8223654847508,511.1111662120836,512.3541408380858
1763091900,516.0,521.6,513.6,515.9,745163,2025-11-14 09:15:00,2025-11-14 (Fri),0.9943797008017191,0.9943797008017191,513.0999256136871,518.6684519381768,510.713414331763,513.0004876436069
1763351100,515.0,517.9,505.75,511.0,913203,2025-11-17 09:15:00,2025-11-17 (Mon),0.9943797008017191,0.9943797008017191,512.1055459128853,514.9892470452103,502.90753368046944,508.12802710967844
1763437500,510.0,524.45,505.6,516.95,1686317,2025-11-18 09:15:00,2025-11-18 (Tue),0.9943797008017191,0.9943797008017191,507.13364740887675,521.5024340854617,502.7583767253492,514.0445863294487
1763523900,518.7,523.4,511.05,520.1,792713,2025-11-19 09:15:00,2025-11-19 (Wed),0.9943797008017191,0.9943797008017191,515.7847508058518,520.4583353996197,508.17774609471854,517.1768823869742
1763610300,522.0,527.8,511.0,513.45,633493,2025-11-20 09:15:00,2025-11-20 (Thu),0.9943797008017191,0.9943797008017191,519.0662038184973,524.8336060831473,508.12802710967844,510.56425737664273
1763696700,513.95,515.55,501.7,503.45,600067,2025-11-21 09:15:00,2025-11-21 (Fri),0.9943797008017191,0.9943797008017191,511.0614472270436,512.6524547483262,498.8802958922225,500.62046036862546
1763955900,504.0,504.55,490.95,496.9,512293,2025-11-24 09:15:00,2025-11-24 (Mon),0.9943797008017191,0.9943797008017191,501.16736920406646,501.7142780395074,488.19071410860397,494.1072733283742
1764042300,499.0,532.9,492.75,525.4,7623207,2025-11-25 09:15:00,2025-11-25 (Tue),0.9943797008017191,0.9943797008017191,496.19547070005785,529.904942557236,489.9805975700471,522.4470948012232
1764128700,524.0,550.0,517.45,547.65,3789827,2025-11-26 09:15:00,2025-11-26 (Wed),0.9943797008017191,0.9943797008017191,521.0549632201008,546.9088354409455,514.5417761798496,544.5720431440615
1764215100,545.2,547.0,532.0,533.75,934920,2025-11-27 09:15:00,2025-11-27 (Thu),0.9943797008017191,0.9943797008017191,542.1358128770974,543.9256963385403,529.0100008265146,530.7501653029176
1764301500,534.0,534.3,526.3,527.7,523992,2025-11-28 09:15:00,2025-11-28 (Fri),0.9943797008017191,0.9943797008017191,530.998760228118,531.2970741383584,523.3420365319447,524.7341681130672
1764560700,527.7,533.3,520.25,522.1,614805,2025-12-01 09:15:00,2025-12-01 (Mon),0.9943797008017191,0.9943797008017191,524.7341681130672,530.3026944375567,517.3260393420944,519.1656417885775
1764647100,522.0,526.75,518.1,520.0,418530,2025-12-02 09:15:00,2025-12-02 (Tue),0.9943797008017191,0.9943797008017191,519.0662038184973,523.7895073973056,515.1881229853707,517.077444416894
1764733500,522.0,526.6,518.65,523.7,393083,2025-12-03 09:15:00,2025-12-03 (Wed),0.9943797008017191,0.9943797008017191,519.0662038184973,523.6403504421853,515.7350318208116,520.7566493098603
1764819900,524.0,535.55,522.0,523.1,883365,2025-12-04 09:15:00,2025-12-04 (Thu),0.9943797008017191,0.9943797008017191,521.0549632201008,532.5400487643607,519.0662038184973,520.1600214893793
1764906300,523.3,527.7,515.1,520.5,477245,2025-12-05 09:15:00,2025-12-05 (Fri),0.9943797008017191,0.9943797008017191,520.3588974295395,524.7341681130672,512.2049838829655,517.5746342672948
1765165500,521.05,526.45,513.6,521.3,475124,2025-12-08 09:15:00,2025-12-08 (Mon),0.9943797008017191,0.9943797008017191,518.1215431027357,523.4911934870651,510.713414331763,518.3701380279362
1765251900,521.0,538.5,510.75,536.75,1009924,2025-12-09 09:15:00,2025-12-09 (Tue),0.9943797008017191,0.9943797008017191,518.0718241176957,535.4734688817257,507.87943218447805,533.7333044053228
1765338300,535.5,548.1,535.5,547.1,987318,2025-12-10 09:15:00,2025-12-10 (Wed),0.9943797008017191,0.9943797008017191,532.4903297793206,545.0195140094223,532.4903297793206,544.0251343086205
1765424700,550.55,558.0,532.0,533.25,1166624,2025-12-11 09:15:00,2025-12-11 (Thu),0.9943797008017191,0.9943797008017191,547.4557442763864,554.8638730473592,529.0100008265146,530.2529754525167
1765511100,533.6,539.8,532.1,534.5,435141,2025-12-12 09:15:00,2025-12-12 (Fri),0.9943797008017191,0.9943797008017191,530.6010083477973,536.7661624927679,529.1094387965948,531.4959500785188
1765770300,535.0,548.3,532.05,535.65,883594,2025-12-15 09:15:00,2025-12-15 (Mon),0.9943797008017191,0.9943797008017191,531.9931399289197,545.2183899495825,529.0597198115546,532.6394867344408
1765856700,535.7,538.6,529.85,534.0,269431,2025-12-16 09:15:00,2025-12-16 (Tue),0.9943797008017191,0.9943797008017191,532.6892057194809,535.5729068518059,526.8720844697909,530.998760228118
1765943100,535.0,535.3,525.0,526.25,265847,2025-12-17 09:15:00,2025-12-17 (Wed),0.9943797008017191,0.9943797008017191,531.9931399289197,532.2914538391602,522.0493429209025,523.2923175469047
1766029500,525.95,529.05,520.0,520.5,233169,2025-12-18 09:15:00,2025-12-18 (Thu),0.9943797008017191,0.9943797008017191,522.9940036366642,526.0765807091494,517.077444416894,517.5746342672948
1766115900,523.9,531.9,521.25,530.2,345772,2025-12-19 09:15:00,2025-12-19 (Fri),0.9943797008017191,0.9943797008017191,520.9555252500206,528.9105628564344,518.3204190428961,527.2201173650715
1766375100,531.4,536.85,528.35,530.05,459583,2025-12-22 09:15:00,2025-12-22 (Mon),0.9943797008017191,0.9943797008017191,528.4133730060336,533.832742375403,525.3805149185883,527.0709604099512
1766461500,531.1,548.8,530.0,539.0,1296360,2025-12-23 09:15:00,2025-12-23 (Tue),0.9943797008017191,0.9943797008017191,528.1150590957931,545.7155797999834,527.0212414249112,535.9706587321266
1766547900,541.25,564.45,541.25,550.55,3443683,2025-12-24 09:15:00,2025-12-24 (Wed),0.9943797008017191,0.9943797008017191,538.2080130589304,561.2776221175304,538.2080130589304,547.4557442763864
1766720700,550.55,571.0,546.8,559.8,1784193,2025-12-26 09:15:00,2025-12-26 (Fri),0.9943797008017191,0.9943797008017191,547.4557442763864,567.7908091577816,543.7268203983799,556.6537565088023
1766979900,562.4,606.45,560.4,600.25,9747732,2025-12-29 09:15:00,2025-12-29 (Mon),0.9943797008017191,0.9943797008017191,559.2391437308868,603.0415695512027,557.2503843292834,596.8764154062319
1767066300,594.0,605.0,572.0,600.7,4714980,2025-12-30 09:15:00,2025-12-30 (Tue),0.9943797008017191,0.9943797008017191,590.6615422762211,601.5997189850401,568.7851888585833,597.3238862715928
1767152700,601.95,672.0,597.25,623.85,25491810,2025-12-31 09:15:00,2025-12-31 (Wed),0.9943797008017191,0.9943797008017191,598.5668608975949,668.2231589387552,593.8932763038267,620.3437763451525
1767239100,626.0,638.0,615.5,624.15,4891684,2026-01-01 09:15:00,2026-01-01 (Thu),0.9943797008017191,0.9943797008017191,622.4816927018761,634.4142491114968,612.0407058434581,620.642090255393
1767325500,624.2,627.7,606.85,619.7,2483233,2026-01-02 09:15:00,2026-01-02 (Fri),0.9943797008017191,0.9943797008017191,620.6918092404331,624.1721381932391,603.4393214315232,616.2171005868254
1767584700,623.8,634.8,617.0,620.3,2213242,2026-01-05 09:15:00,2026-01-05 (Mon),0.9943797008017191,0.9943797008017191,620.2940573601123,631.2322340689312,613.5322753946607,616.8137284073064
1767671100,625.2,644.9,617.25,637.5,4994967,2026-01-06 09:15:00,2026-01-06 (Tue),0.9943797008017191,0.9943797008017191,621.6861889412348,641.2754690470287,613.7808703198612,633.9170592610959
1767757500,637.0,637.2,613.0,618.55,1542944,2026-01-07 09:15:00,2026-01-07 (Wed),0.9943797008017191,0.9943797008017191,633.4198694106951,633.6187453508554,609.5547565914538,615.0735639309033
1767843900,615.0,616.2,595.2,599.0,1539210,2026-01-08 09:15:00,2026-01-08 (Thu),0.9943797008017191,0.9943797008017191,611.5435159930572,612.7367716340194,591.8547979171833,595.6334407802298
1767930300,594.9,603.7,572.5,574.55,1318109,2026-01-09 09:15:00,2026-01-09 (Fri),0.9943797008017191,0.9943797008017191,591.5564840069427,600.3070253739978,569.2823787089842,571.3208570956276
1768189500,577.0,583.15,562.05,569.6,1114732,2026-01-12 09:15:00,2026-01-12 (Mon),0.9943797008017191,0.9943797008017191,573.757087362592,579.8725225225224,558.8911108356061,566.3986775766592
1768275900,580.0,584.65,536.0,550.7,2533772,2026-01-13 09:15:00,2026-01-13 (Tue),0.9943797008017191,0.9943797008017191,576.7402264649971,581.364092073725,532.9875196297214,547.6049012315068
1768362300,554.0,584.45,550.75,565.0,5548142,2026-01-14 09:15:00,2026-01-14 (Wed),0.9943797008017191,0.9943797008017191,550.8863542441524,581.1652161335647,547.6546202165468,561.8245309529713
1768535100,567.0,584.2,565.1,577.25,1838911,2026-01-16 09:15:00,2026-01-16 (Fri),0.9943797008017191,0.9943797008017191,563.8132903545747,580.9166212083644,561.9239689230515,574.0056822877924
1768794300,577.0,594.8,571.85,583.35,1754272,2026-01-19 09:15:00,2026-01-19 (Mon),0.9943797008017191,0.9943797008017191,573.757087362592,591.4570460368625,568.636031903463,580.0713984626829
1768880700,589.0,589.0,554.0,558.75,1420779,2026-01-20 09:15:00,2026-01-20 (Tue),0.9943797008017191,0.9943797008017191,585.6896437722125,585.6896437722125,550.8863542441524,555.6096578229606
1768967100,554.95,563.85,543.7,547.75,1745041,2026-01-21 09:15:00,2026-01-21 (Wed),0.9943797008017191,0.9943797008017191,551.8310149599141,560.6809942970493,540.6442433258948,544.6714811141417
1769053500,553.45,559.5,545.0,547.95,556507,2026-01-22 09:15:00,2026-01-22 (Thu),0.9943797008017191,0.9943797008017191,550.3394454087115,556.3554425985618,541.936936936937,544.8703570543021
1769139900,550.0,556.0,526.7,528.9,650372,2026-01-23 09:15:00,2026-01-23 (Fri),0.9943797008017191,0.9943797008017191,546.9088354409455,552.8751136457558,523.7397884122655,525.9274237540292
1769485500,528.9,551.9,516.6,545.15,982682,2026-01-27 09:15:00,2026-01-27 (Tue),0.9943797008017191,0.9943797008017191,525.9274237540292,548.7981568724688,513.6965534341681,542.0860938920572
1769571900,550.7,572.3,543.0,569.3,1336161,2026-01-28 09:15:00,2026-01-28 (Wed),0.9943797008017191,0.9943797008017191,547.6049012315068,569.0835027688238,539.9481775353335,566.1003636664186
1769658300,572.3,575.0,560.5,570.4,1161743,2026-01-29 09:15:00,2026-01-29 (Thu),0.9943797008017191,0.9943797008017191,569.0835027688238,571.7683279609885,557.3498222993636,567.1941813373005
1769744700,563.0,563.9,532.0,542.0,1465740,2026-01-30 09:15:00,2026-01-30 (Fri),0.9943797008017191,0.9943797008017191,559.8357715513679,560.7307132820894,529.0100008265146,538.9537978345318
1770003900,525.0,529.7,506.0,526.95,573117,2026-02-02 09:15:00,2026-02-02 (Mon),0.9943797008017191,0.9943797008017191,522.0493429209025,526.7229275146707,503.1561286056699,523.988383337466
1770090300,555.0,558.25,529.25,540.55,1196041,2026-02-03 09:15:00,2026-02-03 (Tue),0.9943797008017191,0.9943797008017191,551.8807339449542,555.1124679725597,526.2754566493098,537.5119472683692
1770176700,540.55,556.8,532.7,541.7,711400,2026-02-04 09:15:00,2026-02-04 (Wed),0.9943797008017191,0.9943797008017191,537.5119472683692,553.6706174063971,529.7060666170759,538.6554839242913
1770263100,544.0,544.95,531.1,535.65,581661,2026-02-05 09:15:00,2026-02-05 (Thu),0.9943797008017191,0.9943797008017191,540.9425572361351,541.8872179518969,528.1150590957931,532.6394867344408
1770349500,536.0,536.1,522.2,534.2,586094,2026-02-06 09:15:00,2026-02-06 (Fri),0.9943797008017191,0.9943797008017191,532.9875196297214,533.0869575998016,519.2650797586577,531.1976361682784
1770608700,540.0,561.65,539.8,545.1,1854193,2026-02-09 09:15:00,2026-02-09 (Mon),0.9943797008017191,0.9943797008017191,536.9650384329283,558.4933589552855,536.7661624927679,542.0363749070171
1770695100,550.8,565.8,545.25,560.7,1349039,2026-02-10 09:15:00,2026-02-10 (Tue),0.9943797008017191,0.9943797008017191,547.7043392015869,562.6200347136127,542.1855318621374,557.5486982395239
1770781500,594.0,600.0,523.0,529.05,15867345,2026-02-11 09:15:00,2026-02-11 (Wed),0.9943797008017191,0.9943797008017191,590.6615422762211,596.6278204810314,520.0605835192991,526.0765807091494
1770867900,530.6,539.3,525.0,532.0,1846769,2026-02-12 09:15:00,2026-02-12 (Thu),0.9943797008017191,0.9943797008017191,527.6178692453922,536.2689726423671,522.0493429209025,529.0100008265146
1770954300,528.9,545.0,524.0,526.5,1699621,2026-02-13 09:15:00,2026-02-13 (Fri),0.9943797008017191,0.9943797008017191,525.9274237540292,541.936936936937,521.0549632201008,523.5409124721051
1771213500,520.05,536.0,516.0,530.9,1077548,2026-02-16 09:15:00,2026-02-16 (Mon),0.9943797008017191,0.9943797008017191,517.127163401934,532.9875196297214,513.0999256136871,527.9161831556327
1771299900,532.35,537.8,520.7,523.45,1153863,2026-02-17 09:15:00,2026-02-17 (Tue),0.9943797008017191,0.9943797008017191,529.3580337217952,534.7774030911645,517.7735102074552,520.5080543846599
1771386300,526.25,559.7,524.45,553.6,6346313,2026-02-18 09:15:00,2026-02-18 (Wed),0.9943797008017191,0.9943797008017191,523.2923175469047,556.5543185387222,521.5024340854617,550.4886023638318
1771472700,556.55,557.65,542.0,545.8,897704,2026-02-19 09:15:00,2026-02-19 (Thu),0.9943797008017191,0.9943797008017191,553.4220224811967,554.5158401520787,538.9537978345318,542.7324406975782
1771559100,545.4,559.5,541.0,556.45,1046507,2026-02-20 09:15:00,2026-02-20 (Fri),0.9943797008017191,0.9943797008017191,542.3346888172575,556.3554425985618,537.9594181337301,553.3225845111167
1771818300,557.0,563.5,548.75,554.65,1454079,2026-02-23 09:15:00,2026-02-23 (Mon),0.9943797008017191,0.9943797008017191,553.8694933465575,560.3329614017687,545.6658608149434,551.5327010496735
1771904700,555.0,573.7,550.95,564.75,3540765,2026-02-24 09:15:00,2026-02-24 (Tue),0.9943797008017191,0.9943797008017191,551.8807339449542,570.4756343499463,547.8534961567071,561.5759360277709
1771991100,567.0,583.2,564.55,578.85,3030396,2026-02-25 09:15:00,2026-02-25 (Wed),0.9943797008017191,0.9943797008017191,563.8132903545747,579.9222415075626,561.3770600876105,575.5966898090751
1772077500,580.0,589.65,576.55,583.35,1833130,2026-02-26 09:15:00,2026-02-26 (Thu),0.9943797008017191,0.9943797008017191,576.7402264649971,586.3359905777337,573.3096164972311,580.0713984626829
1772163900,582.0,595.7,572.4,577.7,2238629,2026-02-27 09:15:00,2026-02-27 (Fri),0.9943797008017191,0.9943797008017191,578.7289858666005,592.3519877675841,569.182940738904,574.4531531531532
1772423100,552.5,580.0,552.1,572.25,1200967,2026-03-02 09:15:00,2026-03-02 (Mon),0.9943797008017191,0.9943797008017191,549.3947846929498,576.7402264649971,548.9970328126292,569.0337837837837
1772595900,564.85,564.85,538.8,543.2,1154893,2026-03-04 09:15:00,2026-03-04 (Wed),0.9943797008017191,0.9943797008017191,561.675373997851,561.675373997851,535.7717827919662,540.1470534754939
1772682300,551.0,554.7,535.0,542.15,982092,2026-03-05 09:15:00,2026-03-05 (Thu),0.9943797008017191,0.9943797008017191,547.9032151417472,551.5824200347137,531.9931399289197,539.102954789652
1772768700,541.4,549.0,534.35,535.7,540931,2026-03-06 09:15:00,2026-03-06 (Fri),0.9943797008017191,0.9943797008017191,538.3571700140507,545.9144557401438,531.3467931233986,532.6892057194809
1773027900,526.7,528.65,506.6,511.45,1023502,2026-03-09 09:15:00,2026-03-09 (Mon),0.9943797008017191,0.9943797008017191,523.7397884122655,525.6788288288288,503.75275642615094,508.57549797503924
1773114300,525.0,525.0,513.0,521.25,578239,2026-03-10 09:15:00,2026-03-10 (Tue),0.9943797008017191,0.9943797008017191,522.0493429209025,522.0493429209025,510.11678651128193,518.3204190428961
1773200700,523.4,544.5,520.45,524.75,1345533,2026-03-11 09:15:00,2026-03-11 (Wed),0.9943797008017191,0.9943797008017191,520.4583353996197,541.439747086536,517.5249152822547,521.8007479957021
1773287100,522.2,531.25,510.5,519.15,960106,2026-03-12 09:15:00,2026-03-12 (Thu),0.9943797008017191,0.9943797008017191,519.2650797586577,528.2642160509133,507.6308372592776,516.2322216712124
1773373500,518.0,519.95,491.1,496.05,1334206,2026-03-13 09:15:00,2026-03-13 (Fri),0.9943797008017191,0.9943797008017191,515.0886850152905,517.0277254318539,488.3398710637243,493.2620505826928
1773632700,495.4,502.0,476.5,498.6,1172612,2026-03-16 09:15:00,2026-03-16 (Mon),0.9943797008017191,0.9943797008017191,492.61570377717163,499.178609802463,473.82192743201915,495.79771881973716
1773719100,500.0,502.8,492.6,501.1,511394,2026-03-17 09:15:00,2026-03-17 (Tue),0.9943797008017191,0.9943797008017191,497.18985040085954,499.97411356310437,489.83144061492686,498.2836680717415
1773805500,505.0,517.0,503.2,511.1,660989,2026-03-18 09:15:00,2026-03-18 (Wed),0.9943797008017191,0.9943797008017191,502.16174890486815,514.0943053144888,500.37186544342507,508.22746507975864
1773891900,498.0,504.65,487.0,488.85,575476,2026-03-19 09:15:00,2026-03-19 (Thu),0.9943797008017191,0.9943797008017191,495.2010909992561,501.81371600958755,484.2629142904372,486.1025167369204
1773978300,498.2,507.2,492.75,498.15,472019,2026-03-20 09:15:00,2026-03-20 (Fri),0.9943797008017191,0.9943797008017191,495.39996693941646,504.3493842466319,489.9805975700471,495.35024795437636
1774237500,490.0,495.6,470.8,477.25,918176,2026-03-23 09:15:00,2026-03-23 (Mon),0.9943797008017191,0.9943797008017191,487.2460533928424,492.81457971733204,468.15396313744935,474.56771220762045
1774323900,488.0,494.8,482.55,488.35,680497,2026-03-24 09:15:00,2026-03-24 (Tue),0.9943797008017191,0.9943797008017191,485.25729399123895,492.01907595669064,479.83792462186955,485.60532688651955
1774410300,496.0,508.5,492.65,503.1,1124120,2026-03-25 09:15:00,2026-03-25 (Wed),0.9943797008017191,0.9943797008017191,493.2123315976527,505.64207785767417,489.8811595999669,500.2724274733449
1774583100,503.1,590.0,498.0,572.3,47319079,2026-03-27 09:15:00,2026-03-27 (Fri),0.9943797008017191,0.9943797008017191,500.2724274733449,586.6840234730142,495.2010909992561,569.0835027688238
1774842300,560.0,576.0,535.2,542.4,14981043,2026-03-30 09:15:00,2026-03-30 (Mon),0.9943797008017191,0.9943797008017191,556.8526324489627,572.7627076617902,532.1920158690801,539.3515497148525
1775015100,555.0,578.2,555.0,564.15,3225846,2026-04-01 09:15:00,2026-04-01 (Wed),0.9943797008017191,0.9943797008017191,551.8807339449542,574.950343003554,551.8807339449542,560.9793082072898
1775101500,557.55,558.95,540.5,550.0,1444408,2026-04-02 09:15:00,2026-04-02 (Thu),0.9943797008017191,0.9943797008017191,554.4164021819985,555.808533763121,537.4622282833292,546.9088354409455
1775447100,553.9,563.0,541.05,551.25,1488718,2026-04-06 09:15:00,2026-04-06 (Mon),0.9943797008017191,0.9943797008017191,550.7869162740722,559.8357715513679,538.0091371187701,548.1518100669476
1775533500,545.0,555.9,543.3,544.65,942916,2026-04-07 09:15:00,2026-04-07 (Tue),0.9943797008017191,0.9943797008017191,541.936936936937,552.7756756756756,540.246491445574,541.5889040416563
1775619900,561.55,573.0,555.5,564.75,1580091,2026-04-08 09:15:00,2026-04-08 (Wed),0.9943797008017191,0.9943797008017191,558.3939209852053,569.7795685593851,552.377923795355,561.5759360277709
1775706300,566.0,579.0,557.0,559.3,1408983,2026-04-09 09:15:00,2026-04-09 (Thu),0.9943797008017191,0.9943797008017191,562.8189106537731,575.7458467641953,553.8694933465575,556.1565666584014
1775792700,564.75,566.7,557.25,560.45,1037539,2026-04-10 09:15:00,2026-04-10 (Fri),0.9943797008017191,0.9943797008017191,561.5759360277709,563.5149764443343,554.118088271758,557.3001033143236
1776051900,550.0,573.9,545.0,565.95,1408376,2026-04-13 09:15:00,2026-04-13 (Mon),0.9943797008017191,0.9943797008017191,546.9088354409455,570.6745102901066,541.936936936937,562.769191668733
1776224700,572.0,593.4,572.0,590.75,3332608,2026-04-15 09:15:00,2026-04-15 (Wed),0.9943797008017191,0.9943797008017191,568.7851888585833,590.0649144557401,568.7851888585833,587.4298082486156
1776311100,596.75,635.9,590.0,626.85,7515254,2026-04-16 09:15:00,2026-04-16 (Thu),0.9943797008017191,0.9943797008017191,593.3960864534259,632.3260517398131,586.6840234730142,623.3269154475577
1776397500,629.9,646.25,628.0,633.0,3717198,2026-04-17 09:15:00,2026-04-17 (Fri),0.9943797008017191,0.9943797008017191,626.3597735350029,642.617881643111,624.4704521034796,629.4423506074882
1776656700,633.0,678.0,618.5,629.3,9121258,2026-04-20 09:15:00,2026-04-20 (Mon),0.9943797008017191,0.9943797008017191,629.4423506074882,674.1894371435656,615.0238449458633,625.7631457145218
1776743100,632.5,670.0,631.9,661.15,4715816,2026-04-21 09:15:00,2026-04-21 (Tue),0.9943797008017191,0.9943797008017191,628.9451607570874,666.2343995371518,628.3485329366063,657.4341391850566
1776829500,658.0,667.1,653.9,661.6,1702904,2026-04-22 09:15:00,2026-04-22 (Wed),0.9943797008017191,0.9943797008017191,654.3018431275311,663.3506984048269,650.2248863542441,657.8816100504174
1776915900,662.75,685.7,660.5,668.4,3193593,2026-04-23 09:15:00,2026-04-23 (Thu),0.9943797008017191,0.9943797008017191,659.0251467063393,681.8461608397388,656.7877923795355,664.643392015869
1777002300,670.95,671.8,645.35,653.45,1349078,2026-04-24 09:15:00,2026-04-24 (Fri),0.9943797008017191,0.9943797008017191,667.1790602529135,668.0242829985948,641.7229399123895,649.7774154888834
1777261500,660.0,682.0,658.2,664.15,1699276,2026-04-27 09:15:00,2026-04-27 (Mon),0.9943797008017191,0.9943797008017191,656.2906025291346,678.1669559467724,654.5007190676915,660.4172782874617
1777347900,664.1,672.45,653.25,659.15,906172,2026-04-28 09:15:00,2026-04-28 (Tue),0.9943797008017191,0.9943797008017191,660.3675593024217,668.6706298041161,649.578539548723,655.4453797834532
1777434300,664.75,690.0,655.1,658.4,1104645,2026-04-29 09:15:00,2026-04-29 (Wed),0.9943797008017191,0.9943797008017191,661.0139061079428,686.1219935531861,651.4181419952063,654.6995950078518
1777520700,608.4,623.85,580.2,596.05,5840973,2026-04-30 09:15:00,2026-04-30 (Thu),0.9943797008017191,0.9943797008017191,604.9806099677659,620.3437763451525,576.9391024051574,592.7000206628646
1777866300,597.0,619.3,578.25,615.75,2885957,2026-05-04 09:15:00,2026-05-04 (Mon),0.9943797008017191,0.9943797008017191,593.6446813786263,615.8193487065046,575.0000619885941,612.2893007686586
1777952700,616.75,621.35,599.15,606.0,1117398,2026-05-05 09:15:00,2026-05-05 (Tue),0.9943797008017191,0.9943797008017191,613.2836804694603,617.8578270931482,595.78259773535,602.5940986858418
1778039100,610.0,620.95,588.1,593.25,1547698,2026-05-06 09:15:00,2026-05-06 (Wed),0.9943797008017191,0.9943797008017191,606.5716174890487,617.4600752128275,584.7947020414911,589.9157575006199
1778125500,595.0,606.05,589.6,594.15,1105191,2026-05-07 09:15:00,2026-05-07 (Thu),0.9943797008017191,0.9943797008017191,591.6559219770229,602.6438176708818,586.2862715926937,590.8106992313413
1778211900,595.0,609.5,591.3,597.7,1499643,2026-05-08 09:15:00,2026-05-08 (Fri),0.9943797008017191,0.9943797008017191,591.6559219770229,606.0744276386478,587.9767170840564,594.3407471691876
1778471100,595.4,596.75,581.3,591.4,950059,2026-05-11 09:15:00,2026-05-11 (Mon),0.9943797008017191,0.9943797008017191,592.0536738573435,593.3960864534259,578.0329200760393,588.0761550541366
1778557500,590.5,598.75,580.0,581.9,993768,2026-05-12 09:15:00,2026-05-12 (Tue),0.9943797008017191,0.9943797008017191,587.1812133234151,595.3848458550293,576.7402264649971,578.6295478965203
1778643900,582.3,610.9,582.3,604.3,1842668,2026-05-13 09:15:00,2026-05-13 (Wed),0.9943797008017191,0.9943797008017191,579.027299776841,607.4665592197701,579.027299776841,600.9036531944788
1778730300,609.75,623.7,591.15,617.65,1894842,2026-05-14 09:15:00,2026-05-14 (Thu),0.9943797008017191,0.9943797008017191,606.3230225638482,620.1946193900322,587.8275601289363,614.1786222001817
1778816700,621.0,637.5,601.35,624.6,3129662,2026-05-15 09:15:00,2026-05-15 (Fri),0.9943797008017191,0.9943797008017191,617.5097941978676,633.9170592610959,597.9702330771138,621.0895611207537
1779075900,617.0,618.3,597.0,606.5,1453456,2026-05-18 09:15:00,2026-05-18 (Mon),0.9943797008017191,0.9943797008017191,613.5322753946607,614.8249690057029,593.6446813786263,603.0912885362426
1779162300,606.0,608.7,587.55,591.5,1365268,2026-05-19 09:15:00,2026-05-19 (Tue),0.9943797008017191,0.9943797008017191,602.5940986858418,605.2789238780065,584.24779320605,588.1755930242168
1779248700,586.0,595.0,581.6,593.05,852026,2026-05-20 09:15:00,2026-05-20 (Wed),0.9943797008017191,0.9943797008017191,582.7065046698074,591.6559219770229,578.3312339862798,589.7168815604595
1779335100,598.0,615.0,590.05,592.3,1050623,2026-05-21 09:15:00,2026-05-21 (Thu),0.9943797008017191,0.9943797008017191,594.6390610794281,611.5435159930572,586.7337424580543,588.9710967848582
1779421500,595.1,597.3,585.55,587.7,693279,2026-05-22 09:15:00,2026-05-22 (Fri),0.9943797008017191,0.9943797008017191,591.7553599471031,593.9429952888668,582.2590338044466,584.3969501611704
1779680700,593.0,599.35,581.35,584.55,979417,2026-05-25 09:15:00,2026-05-25 (Mon),0.9943797008017191,0.9943797008017191,589.6671625754194,595.9814736755104,578.0826390610795,581.2646541036448
1779767100,586.1,598.0,583.8,587.2,880327,2026-05-26 09:15:00,2026-05-26 (Tue),0.9943797008017191,0.9943797008017191,582.8059426398876,594.6390610794281,580.5188693280436,583.8997603107695
1779853500,587.95,597.45,576.5,579.75,1121535,2026-05-27 09:15:00,2026-05-27 (Wed),0.9943797008017191,0.9943797008017191,584.6455450863708,594.0921522439871,573.2598975121911,576.4916315397967
1780026300,583.95,584.85,564.3,566.85,1085366,2026-05-29 09:15:00,2026-05-29 (Fri),0.9943797008017191,0.9943797008017191,580.668026283164,581.5629680138854,561.1284651624101,563.6641333994545
1780285500,570.0,571.1,548.5,560.55,958642,2026-06-01 09:15:00,2026-06-01 (Mon),0.9943797008017191,0.9943797008017191,566.7964294569799,567.8902471278618,545.4172658897429,557.3995412844037
1780371900,558.0,558.0,547.1,550.15,708355,2026-06-02 09:15:00,2026-06-02 (Tue),0.9943797008017191,0.9943797008017191,554.8638730473592,554.8638730473592,544.0251343086205,547.0579923960657
1780458300,553.2,563.45,544.4,553.05,929414,2026-06-03 09:15:00,2026-06-03 (Wed),0.9943797008017191,0.9943797008017191,550.0908504835111,560.2832424167286,541.3403091164558,549.9416935283907
1780544700,552.0,552.5,540.6,544.6,859033,2026-06-04 09:15:00,2026-06-04 (Thu),0.9943797008017191,0.9943797008017191,548.897594842549,549.3947846929498,537.5616662534094,541.5391850566162
1780631100,547.0,549.55,538.0,539.45,507406,2026-06-05 09:15:00,2026-06-05 (Fri),0.9943797008017191,0.9943797008017191,543.9256963385403,546.4613645755846,534.9762790313249,536.4181295974875
1780890300,536.75,536.75,522.05,526.55,839233,2026-06-08 09:15:00,2026-06-08 (Mon),0.9943797008017191,0.9943797008017191,533.7333044053228,533.7333044053228,519.1159228035374,523.5906314571452
1780976700,527.3,529.9,517.0,527.75,887770,2026-06-09 09:15:00,2026-06-09 (Tue),0.9943797008017191,0.9943797008017191,524.3364162327464,526.921803454831,514.0943053144888,524.7838870981072
1781063100,532.9,535.9,515.0,518.35,586430,2026-06-10 09:15:00,2026-06-10 (Wed),0.9943797008017191,0.9943797008017191,529.904942557236,532.8880816596412,512.1055459128853,515.4367179105711
1781149500,516.5,517.65,505.0,512.0,686010,2026-06-11 09:15:00,2026-06-11 (Thu),0.9943797008017191,0.9943797008017191,513.5971154640879,514.7406521200098,502.16174890486815,509.1224068104802
1781235900,519.9,531.75,511.05,526.3,882980,2026-06-12 09:15:00,2026-06-12 (Fri),0.9943797008017191,0.9943797008017191,516.9780064468138,528.7614059013141,508.17774609471854,523.3420365319447
1781495100,532.9,549.5,532.0,542.9,1060380,2026-06-15 09:15:00,2026-06-15 (Mon),0.9943797008017191,0.9943797008017191,529.904942557236,546.4116455905447,529.0100008265146,539.8487395652533
1781581500,545.4,548.2,536.05,541.3,601206,2026-06-16 09:15:00,2026-06-16 (Tue),0.9943797008017191,0.9943797008017191,542.3346888172575,545.1189519795024,533.0372386147615,538.2577320439705
1781667900,542.1,547.9,541.0,545.6,424185,2026-06-17 09:15:00,2026-06-17 (Wed),0.9943797008017191,0.9943797008017191,539.053235804612,544.8206380692619,537.9594181337301,542.5335647574179
1781754300,545.6,552.9,536.15,538.65,521962,2026-06-18 09:15:00,2026-06-18 (Thu),0.9943797008017191,0.9943797008017191,542.5335647574179,549.7925365732705,533.1366765848417,535.6226258368459
1781840700,538.0,538.05,529.0,531.85,349176,2026-06-19 09:15:00,2026-06-19 (Fri),0.9943797008017191,0.9943797008017191,534.9762790313249,535.025998016365,526.0268617241094,528.8608438713943
1782099900,531.85,539.7,528.4,537.6,464988,2026-06-22 09:15:00,2026-06-22 (Mon),0.9943797008017191,0.9943797008017191,528.8608438713943,536.6667245226879,525.4302339036284,534.5785271510042
1782186300,540.0,540.0,525.85,532.45,556111,2026-06-23 09:15:00,2026-06-23 (Tue),0.9943797008017191,0.9943797008017191,536.9650384329283,536.9650384329283,522.8945656665841,529.4574716918754
1782272700,532.0,537.6,523.4,525.75,485180,2026-06-24 09:15:00,2026-06-24 (Wed),0.9943797008017191,0.9943797008017191,529.0100008265146,534.5785271510042,520.4583353996197,522.7951276965039
1782359100,529.0,529.0,510.9,520.05,764969,2026-06-25 09:15:00,2026-06-25 (Thu),0.9943797008017191,0.9943797008017191,526.0268617241094,526.0268617241094,508.0285891395983,517.127163401934
1782704700,520.0,537.4,516.0,517.2,878863,2026-06-29 09:15:00,2026-06-29 (Mon),0.9943797008017191,0.9943797008017191,517.077444416894,534.3796512108438,513.0999256136871,514.2931812546492
1782791100,520.75,524.25,511.55,516.7,1016501,2026-06-30 09:15:00,2026-06-30 (Tue),0.9943797008017191,0.9943797008017191,517.8232291924952,521.3035581453013,508.67493594511944,513.7959914042483
1782877500,517.05,524.9,517.05,522.45,507402,2026-07-01 09:15:00,2026-07-01 (Wed),0.9943797008017191,0.9943797008017191,514.1440242995288,521.9499049508223,514.1440242995288,519.5136746838582
1782963900,524.0,527.0,512.0,521.95,1364460,2026-07-02 09:15:00,2026-07-02 (Thu),0.9943797008017191,0.9943797008017191,521.0549632201008,524.038102322506,509.1224068104802,519.0164848334573
1783050300,525.0,533.25,523.0,526.9,428704,2026-07-03 09:15:00,2026-07-03 (Fri),0.9943797008017191,0.9943797008017191,522.0493429209025,530.2529754525167,520.0605835192991,523.9386643524258
1783309500,530.0,552.0,521.6,543.15,3709629,2026-07-06 09:15:00,2026-07-06 (Mon),0.9943797008017191,0.9943797008017191,527.0212414249112,548.897594842549,518.6684519381768,540.0973344904537
1783395900,544.5,544.5,526.3,531.3,1042876,2026-07-07 09:15:00,2026-07-07 (Tue),0.9943797008017191,0.9943797008017191,541.439747086536,541.439747086536,523.3420365319447,528.3139350359534
1783482300,528.0,536.7,521.3,526.65,1184619,2026-07-08 09:15:00,2026-07-08 (Wed),0.9943797008017191,0.9943797008017191,525.0324820233077,533.6835854202827,518.3701380279362,523.6900694272254
1783568700,527.95,529.95,509.1,514.25,1102977,2026-07-09 09:15:00,2026-07-09 (Thu),0.9943797008017191,0.9943797008017191,524.9827630382676,526.9715224398711,506.2387056781552,511.35976113728407
1783655100,520.0,565.4,518.05,545.05,5160132,2026-07-10 09:15:00,2026-07-10 (Fri),0.9943797008017191,0.9943797008017191,517.077444416894,562.222282833292,515.1384040003305,541.986655921977
1783914300,541.0,577.5,538.0,575.4,3683927,2026-07-13 09:15:00,2026-07-13 (Mon),0.9943797008017191,0.9943797008017191,537.9594181337301,574.2542772129927,534.9762790313249,572.1660798413092
1784000700,574.0,579.7,565.0,566.45,1339401,2026-07-14 09:15:00,2026-07-14 (Tue),0.9943797008017191,0.9943797008017191,570.7739482601868,576.4419125547566,561.8245309529713,563.2663815191338
1784087100,565.0,589.9,564.5,585.6,2684592,2026-07-15 09:15:00,2026-07-15 (Wed),0.9943797008017191,0.9943797008017191,561.8245309529713,586.584585502934,561.3273411025705,582.3087527894868
1784173500,588.5,616.0,580.15,608.45,2921088,2026-07-16 09:15:00,2026-07-16 (Thu),0.9943797008017191,0.9943797008017191,585.1924539218116,612.537895693859,576.8893834201173,605.030328952806
1784259900,610.1,611.0,583.2,587.35,1521683,2026-07-17 09:15:00,2026-07-17 (Fri),0.9943797008017191,0.9943797008017191,606.6710554591289,607.5659971898503,579.9222415075626,584.0489172658897
1784519100,585.0,596.6,582.7,594.3,1036397,2026-07-20 09:15:00,2026-07-20 (Mon),0.9943797008017191,0.9943797008017191,581.7121249690057,593.2469294983057,579.4250516571618,590.9598561864616
1784605500,593.1,608.0,590.75,604.95,1167153,2026-07-21 09:15:00,2026-07-21 (Tue),0.9943797008017191,0.9943797008017191,589.7666005454996,604.5828580874452,587.4298082486156,601.5500000000001
1784691900,603.0,607.5,593.45,598.85,1035151,2026-07-22 09:15:00,2026-07-22 (Wed),1.0,1.0,603.0,607.5,593.45,598.85
1784778300,614.0,675.9,599.3,623.85,18802024,2026-07-23 09:15:00,2026-07-23 (Thu),1.0,1.0,614.0,675.9,599.3,623.85
1784864700,608.0,654.0,608.0,643.15,7737580,2026-07-24 09:15:00,2026-07-24 (Fri),1.0,1.0,608.0,654.0,608.0,643.15
1785123900,650.0,663.9,635.5,652.5,3378029,2026-07-27 09:15:00,2026-07-27 (Mon),1.0,1.0,650.0,663.9,635.5,652.5
1785210300,653.0,659.55,643.85,651.05,1444725,2026-07-28 09:15:00,2026-07-28 (Tue),1.0,1.0,653.0,659.55,643.85,651.05
1785296700,650.05,675.0,636.15,672.65,2460817,2026-07-29 09:15:00,2026-07-29 (Wed),1.0,1.0,650.05,675.0,636.15,672.65
1785383100,665.5,666.0,648.0,659.25,2076663,2026-07-30 09:15:00,2026-07-30 (Thu),1.0,1.0,665.5,666.0,648.0,659.25
1785469500,665.5,666.0,648.0,657.25,1259921,2026-07-31 09:15:00,2026-07-31 (Fri),1.0,1.0,665.5,666.0,648.0,657.25
1785728700,661.0,671.8,652.4,665.25,722406,2026-08-03 09:15:00,2026-08-03 (Mon),1.0,1.0,661.0,671.8,652.4,665.25
1785815100,665.5,683.9,663.0,678.95,1832144,2026-08-04 09:15:00,2026-08-04 (Tue),1.0,1.0,665.5,683.9,663.0,678.95
1785901500,678.85,698.0,674.1,686.2,3175922,2026-08-05 09:15:00,2026-08-05 (Wed),1.0,1.0,678.85,698.0,674.1,686.2
1785987900,689.95,694.4,676.45,685.1,1107334,2026-08-06 09:15:00,2026-08-06 (Thu),1.0,1.0,689.95,694.4,676.45,685.1
1786074300,684.0,689.9,670.05,674.0,597260,2026-08-07 09:15:00,2026-08-07 (Fri),1.0,1.0,684.0,689.9,670.05,674.0
1786333500,672.0,690.05,668.0,683.6,900007,2026-08-10 09:15:00,2026-08-10 (Mon),1.0,1.0,672.0,690.05,668.0,683.6
1786419900,675.0,686.95,674.0,678.25,761804,2026-08-11 09:15:00,2026-08-11 (Tue),1.0,1.0,675.0,686.95,674.0,678.25
1786506300,678.25,686.4,671.0,674.35,861879,2026-08-12 09:15:00,2026-08-12 (Wed),1.0,1.0,678.25,686.4,671.0,674.35
1786592700,677.0,691.6,675.35,687.0,1212015,2026-08-13 09:15:00,2026-08-13 (Thu),1.0,1.0,677.0,691.6,675.35,687.0
1786679100,691.5,711.2,685.3,701.0,3739354,2026-08-14 09:15:00,2026-08-14 (Fri),1.0,1.0,691.5,711.2,685.3,701.0
1786938300,704.0,710.8,688.45,698.3,1071949,2026-08-17 09:15:00,2026-08-17 (Mon),1.0,1.0,704.0,710.8,688.45,698.3
1787024700,697.5,749.0,696.0,739.25,5430733,2026-08-18 09:15:00,2026-08-18 (Tue),1.0,1.0,697.5,749.0,696.0,739.25
1787111100,741.0,743.9,700.0,708.05,2902144,2026-08-19 09:15:00,2026-08-19 (Wed),1.0,1.0,741.0,743.9,700.0,708.05
1787197500,710.0,718.65,696.1,711.95,1404434,2026-08-20 09:15:00,2026-08-20 (Thu),1.0,1.0,710.0,718.65,696.1,711.95
1787283900,712.0,722.0,705.0,710.75,927007,2026-08-21 09:15:00,2026-08-21 (Fri),1.0,1.0,712.0,722.0,705.0,710.75
1787543100,710.0,728.0,708.9,722.75,922124,2026-08-24 09:15:00,2026-08-24 (Mon),1.0,1.0,710.0,728.0,708.9,722.75
1787629500,726.35,730.0,708.0,721.55,1078477,2026-08-25 09:15:00,2026-08-25 (Tue),1.0,1.0,726.35,730.0,708.0,721.55
1787715900,725.5,725.9,699.05,713.55,1134601,2026-08-26 09:15:00,2026-08-26 (Wed),1.0,1.0,725.5,725.9,699.05,713.55
1787802300,714.8,720.45,708.0,710.2,592845,2026-08-27 09:15:00,2026-08-27 (Thu),1.0,1.0,714.8,720.45,708.0,710.2
1787888700,713.1,743.55,712.2,737.35,2665306,2026-08-28 09:15:00,2026-08-28 (Fri),1.0,1.0,713.1,743.55,712.2,737.35
1788147900,734.0,741.8,721.0,728.8,889024,2026-08-31 09:15:00,2026-08-31 (Mon),1.0,1.0,734.0,741.8,721.0,728.8
1788234300,732.4,753.9,721.1,729.9,3707105,2026-09-01 09:15:00,2026-09-01 (Tue),1.0,1.0,732.4,753.9,721.1,729.9
1788320700,725.0,726.3,702.95,706.4,1020619,2026-09-02 09:15:00,2026-09-02 (Wed),1.0,1.0,725.0,726.3,702.95,706.4
1788407100,709.9,725.45,699.9,707.45,1656554,2026-09-03 09:15:00,2026-09-03 (Thu),1.0,1.0,709.9,725.45,699.9,707.45
1788493500,709.0,744.9,695.8,728.25,2565950,2026-09-04 09:15:00,2026-09-04 (Fri),1.0,1.0,709.0,744.9,695.8,728.25
1788752700,260.0,273.0,250.0,272.2,3615221,2026-09-07 09:15:00,2026-09-07 (Mon),1.0,1.0,260.0,273.0,250.0,272.2
1788839100,265.4,265.4,258.6,258.6,1334287,2026-09-08 09:15:00,2026-09-08 (Tue),1.0,1.0,265.4,265.4,258.6,258.6
1788925500,257.0,271.5,255.0,262.75,3288829,2026-09-09 09:15:00,2026-09-09 (Wed),1.0,1.0,257.0,271.5,255.0,262.75
